,date,code,open,close,high,low,adjust_open,adjust_close,adjust_high,adjust_low,volume,turnover
0,2020-06-29,600956,3.82,4.58,4.58,3.82,3.82,4.58,4.58,3.82,5126,0.38
1,2020-06-30,600956,5.04,5.04,5.04,5.04,5.04,5.04,5.04,5.04,1468,0.11
2,2020-07-01,600956,5.54,5.54,5.54,5.54,5.54,5.54,5.54,5.54,1752,0.13
3,2020-07-02,600956,6.09,6.09,6.09,6.09,6.09,6.09,6.09,6.09,2092,0.16
4,2020-07-03,600956,6.7,6.7,6.7,6.7,6.7,6.7,6.7,6.7,3592,0.27
5,2020-07-06,600956,7.37,7.37,7.37,7.37,7.37,7.37,7.37,7.37,7832,0.58
6,2020-07-07,600956,8.11,8.11,8.11,8.11,8.11,8.11,8.11,8.11,6281,0.47
7,2020-07-08,600956,8.92,8.92,8.92,8.92,8.92,8.92,8.92,8.92,4303,0.32
8,2020-07-09,600956,9.81,9.81,9.81,9.81,9.81,9.81,9.81,9.81,3774,0.28
9,2020-07-10,600956,10.79,10.79,10.79,10.79,10.79,10.79,10.79,10.79,7096,0.53
10,2020-07-13,600956,11.87,11.87,11.87,11.87,11.87,11.87,11.87,11.87,7005,0.52
11,2020-07-14,600956,13.06,13.06,13.06,13.06,13.06,13.06,13.06,13.06,7657,0.57
12,2020-07-15,600956,14.37,14.37,14.37,12.58,14.37,14.37,14.37,12.58,998177,74.08
13,2020-07-16,600956,13.62,12.93,13.62,12.93,13.62,12.93,13.62,12.93,420189,31.18
14,2020-07-17,600956,11.71,11.64,12.21,11.64,11.71,11.64,12.21,11.64,491060,36.44
15,2020-07-20,600956,11.45,11.82,11.86,11.32,11.45,11.82,11.86,11.32,332797,24.7
16,2020-07-21,600956,11.66,11.28,11.69,11.03,11.66,11.28,11.69,11.03,333323,24.74
17,2020-07-22,600956,11.12,11.91,12.28,10.91,11.12,11.91,12.28,10.91,456175,33.85
18,2020-07-23,600956,11.57,11.54,11.78,11.35,11.57,11.54,11.78,11.35,281177,20.87
19,2020-07-24,600956,11.46,11.14,11.95,11.11,11.46,11.14,11.95,11.11,263081,19.52
20,2020-07-27,600956,11.1,10.52,11.38,10.33,11.1,10.52,11.38,10.33,237446,17.62
21,2020-07-28,600956,10.53,10.9,11.09,10.42,10.53,10.9,11.09,10.42,199100,14.78
22,2020-07-29,600956,10.8,11.02,11.07,10.6,10.8,11.02,11.07,10.6,192701,14.3
23,2020-07-30,600956,11.05,12.02,12.12,10.85,11.05,12.02,12.12,10.85,444470,32.98
24,2020-07-31,600956,11.66,11.73,11.99,11.58,11.66,11.73,11.99,11.58,330806,24.55
25,2020-08-03,600956,11.83,11.8,11.97,11.51,11.83,11.8,11.97,11.51,265274,19.69
26,2020-08-04,600956,11.73,12.07,12.38,11.66,11.73,12.07,12.38,11.66,326448,24.23
27,2020-08-05,600956,11.75,11.31,11.78,10.86,11.75,11.31,11.78,10.86,280022,20.78
28,2020-08-06,600956,11.17,11.0,11.43,10.9,11.17,11.0,11.43,10.9,190243,14.12
29,2020-08-07,600956,10.9,10.61,10.92,10.5,10.9,10.61,10.92,10.5,167826,12.45
30,2020-08-10,600956,10.51,10.97,11.14,10.51,10.51,10.97,11.14,10.51,142113,10.55
31,2020-08-11,600956,11.0,10.61,11.13,10.58,11.0,10.61,11.13,10.58,141387,10.49
32,2020-08-12,600956,10.56,10.35,10.66,10.13,10.56,10.35,10.66,10.13,127213,9.44
33,2020-08-13,600956,10.37,10.38,10.55,10.32,10.37,10.38,10.55,10.32,71465,5.3
34,2020-08-14,600956,10.38,10.38,10.4,10.16,10.38,10.38,10.4,10.16,72652,5.39
35,2020-08-17,600956,10.38,10.68,10.74,10.28,10.38,10.68,10.74,10.28,102490,7.61
36,2020-08-18,600956,10.6,10.65,10.74,10.5,10.6,10.65,10.74,10.5,97067,7.2
37,2020-08-19,600956,10.59,10.81,11.25,10.35,10.59,10.81,11.25,10.35,193842,14.39
38,2020-08-20,600956,10.6,10.41,10.62,10.38,10.6,10.41,10.62,10.38,115167,8.55
39,2020-08-21,600956,10.45,10.35,10.6,10.32,10.45,10.35,10.6,10.32,65807,4.88
40,2020-08-24,600956,10.36,10.27,10.43,10.12,10.36,10.27,10.43,10.12,69496,5.16
41,2020-08-25,600956,10.28,10.29,10.41,10.22,10.28,10.29,10.41,10.22,56319,4.18
42,2020-08-26,600956,10.23,9.82,10.23,9.77,10.23,9.82,10.23,9.77,99376,7.37
43,2020-08-27,600956,9.85,9.77,9.99,9.71,9.85,9.77,9.99,9.71,64636,4.8
44,2020-08-28,600956,9.76,9.61,9.79,9.4,9.76,9.61,9.79,9.4,99913,7.41
45,2020-08-31,600956,9.61,9.53,9.71,9.53,9.61,9.53,9.71,9.53,50789,3.77
46,2020-09-01,600956,9.53,9.45,9.58,9.4,9.53,9.45,9.58,9.4,48908,3.63
47,2020-09-02,600956,9.43,9.23,9.48,9.2,9.43,9.23,9.48,9.2,79617,5.91
48,2020-09-03,600956,9.21,9.3,9.42,9.14,9.21,9.3,9.42,9.14,62559,4.64
49,2020-09-04,600956,9.13,9.27,9.28,9.06,9.13,9.27,9.28,9.06,56908,4.22
50,2020-09-07,600956,9.2,8.99,9.36,8.97,9.2,8.99,9.36,8.97,76021,5.64
51,2020-09-08,600956,8.99,8.8,9.0,8.67,8.99,8.8,9.0,8.67,79595,5.91
52,2020-09-09,600956,8.69,8.55,8.74,8.46,8.69,8.55,8.74,8.46,76597,5.68
53,2020-09-10,600956,8.66,8.2,8.72,8.16,8.66,8.2,8.72,8.16,66110,4.91
54,2020-09-11,600956,8.1,8.49,8.6,8.02,8.1,8.49,8.6,8.02,83521,6.2
55,2020-09-14,600956,8.63,8.73,9.16,8.63,8.63,8.73,9.16,8.63,110164,8.18
56,2020-09-15,600956,8.7,8.66,8.83,8.64,8.7,8.66,8.83,8.64,45441,3.37
57,2020-09-16,600956,8.62,8.91,9.06,8.55,8.62,8.91,9.06,8.55,86481,6.42
58,2020-09-17,600956,8.95,8.94,9.16,8.85,8.95,8.94,9.16,8.85,87871,6.52
59,2020-09-18,600956,8.89,9.02,9.07,8.76,8.89,9.02,9.07,8.76,63131,4.69
60,2020-09-21,600956,9.18,8.86,9.2,8.84,9.18,8.86,9.2,8.84,59063,4.38
61,2020-09-22,600956,8.8,8.96,9.0,8.72,8.8,8.96,9.0,8.72,49901,3.7
62,2020-09-23,600956,9.06,9.34,9.48,9.02,9.06,9.34,9.48,9.02,135490,10.05
63,2020-09-24,600956,9.28,9.07,9.69,9.06,9.28,9.07,9.69,9.06,113977,8.46
64,2020-09-25,600956,9.0,8.94,9.22,8.79,9.0,8.94,9.22,8.79,62333,4.63
65,2020-09-28,600956,8.94,8.49,8.99,8.45,8.94,8.49,8.99,8.45,59954,4.45
66,2020-09-29,600956,8.53,9.34,9.34,8.53,8.53,9.34,9.34,8.53,110005,8.16
67,2020-09-30,600956,9.54,9.36,9.68,9.1,9.54,9.36,9.68,9.1,159995,11.87
68,2020-10-09,600956,9.75,9.64,9.88,9.44,9.75,9.64,9.88,9.44,138847,10.3
69,2020-10-12,600956,9.69,9.72,9.92,9.58,9.69,9.72,9.92,9.58,124547,9.24
70,2020-10-13,600956,9.68,10.03,10.08,9.62,9.68,10.03,10.08,9.62,162974,12.09
71,2020-10-14,600956,9.94,9.81,9.98,9.7,9.94,9.81,9.98,9.7,156229,11.59
72,2020-10-15,600956,9.78,9.53,9.78,9.45,9.78,9.53,9.78,9.45,113336,8.41
73,2020-10-16,600956,9.65,9.7,9.98,9.57,9.65,9.7,9.98,9.57,122067,9.06
74,2020-10-19,600956,9.55,9.51,9.74,9.46,9.55,9.51,9.74,9.46,82900,6.15
75,2020-10-20,600956,9.51,9.39,9.55,9.25,9.51,9.39,9.55,9.25,61733,4.58
76,2020-10-21,600956,9.45,9.15,9.5,9.02,9.45,9.15,9.5,9.02,79830,5.92
77,2020-10-22,600956,9.19,8.98,9.19,8.91,9.19,8.98,9.19,8.91,51304,3.81
78,2020-10-23,600956,8.96,8.7,9.04,8.68,8.96,8.7,9.04,8.68,56541,4.2
79,2020-10-26,600956,8.75,8.78,8.78,8.58,8.75,8.78,8.78,8.58,29678,2.2
80,2020-10-27,600956,8.71,8.83,8.84,8.66,8.71,8.83,8.84,8.66,28096,2.09
81,2020-10-28,600956,8.85,9.12,9.15,8.85,8.85,9.12,9.15,8.85,59641,4.43
82,2020-10-29,600956,8.98,8.99,9.08,8.9,8.98,8.99,9.08,8.9,39614,2.94
83,2020-10-30,600956,8.9,8.59,8.95,8.56,8.9,8.59,8.95,8.56,60299,4.47
84,2020-11-02,600956,8.43,8.36,8.57,8.31,8.56,8.49,8.7,8.44,30259,2.25
85,2020-11-03,600956,8.37,8.5,8.54,8.36,8.5,8.63,8.67,8.49,29985,2.23
86,2020-11-04,600956,8.55,8.59,8.72,8.5,8.68,8.72,8.85,8.63,34370,2.55
87,2020-11-05,600956,8.66,8.58,8.71,8.52,8.79,8.71,8.84,8.65,37043,2.75
88,2020-11-06,600956,8.59,8.43,8.61,8.42,8.72,8.56,8.74,8.55,34791,2.58
89,2020-11-09,600956,8.5,8.64,8.69,8.44,8.63,8.77,8.82,8.57,49403,3.67
90,2020-11-10,600956,8.7,8.81,8.94,8.61,8.83,8.94,9.07,8.74,72609,5.39
91,2020-11-11,600956,8.74,8.9,9.06,8.64,8.87,9.03,9.19,8.77,92972,6.9
92,2020-11-12,600956,8.86,8.66,8.88,8.6,8.99,8.79,9.01,8.73,54886,4.07
93,2020-11-13,600956,8.69,8.49,8.69,8.41,8.82,8.62,8.82,8.54,43445,3.22
94,2020-11-16,600956,8.55,8.8,8.82,8.46,8.68,8.93,8.95,8.59,59285,4.4
95,2020-11-17,600956,8.82,8.86,8.97,8.69,8.95,8.99,9.1,8.82,57698,4.28
96,2020-11-18,600956,8.75,8.79,8.88,8.72,8.88,8.92,9.01,8.85,45704,3.39
97,2020-11-19,600956,8.97,9.11,9.46,8.82,9.1,9.24,9.59,8.95,112230,8.33
98,2020-11-20,600956,9.01,9.13,9.18,8.87,9.14,9.26,9.31,9.0,84729,6.29
99,2020-11-23,600956,9.09,9.31,9.38,9.04,9.22,9.44,9.51,9.17,104401,7.75
100,2020-11-24,600956,9.31,9.21,9.44,9.17,9.44,9.34,9.57,9.3,101665,7.54
101,2020-11-25,600956,9.21,8.98,9.34,8.98,9.34,9.11,9.47,9.11,82399,6.11
102,2020-11-26,600956,8.95,9.42,9.7,8.9,9.08,9.55,9.83,9.03,202391,15.02
103,2020-11-27,600956,9.33,9.15,9.35,9.02,9.46,9.28,9.48,9.15,114529,8.5
104,2020-11-30,600956,9.06,8.93,9.13,8.85,9.19,9.06,9.26,8.98,91206,6.77
105,2020-12-01,600956,8.97,8.96,8.97,8.86,9.1,9.09,9.1,8.99,50059,3.71
106,2020-12-02,600956,8.98,9.09,9.09,8.92,9.11,9.22,9.22,9.05,55443,4.11
107,2020-12-03,600956,9.1,9.13,9.34,8.98,9.23,9.26,9.47,9.11,81884,6.08
108,2020-12-04,600956,9.03,9.08,9.26,9.02,9.16,9.21,9.39,9.15,56231,4.17
109,2020-12-07,600956,8.99,9.09,9.26,8.86,9.12,9.22,9.39,8.99,81693,6.06
110,2020-12-08,600956,9.02,8.8,9.02,8.8,9.15,8.93,9.15,8.93,54759,4.06
111,2020-12-09,600956,8.82,8.65,8.98,8.54,8.95,8.78,9.11,8.67,54312,4.03
112,2020-12-10,600956,8.63,8.63,8.72,8.5,8.76,8.76,8.85,8.63,36391,2.7
113,2020-12-11,600956,8.63,8.45,8.67,8.33,8.76,8.58,8.8,8.46,45161,3.35
114,2020-12-14,600956,8.51,9.3,9.3,8.45,8.64,9.43,9.43,8.58,91926,6.82
115,2020-12-15,600956,9.9,9.16,9.9,9.13,10.03,9.29,10.03,9.26,299204,22.2
116,2020-12-16,600956,9.03,9.45,9.72,9.03,9.16,9.58,9.85,9.16,229921,17.06
117,2020-12-17,600956,9.2,9.26,9.35,8.8,9.33,9.39,9.48,8.93,194169,14.41
118,2020-12-18,600956,9.38,9.48,9.59,9.27,9.51,9.61,9.72,9.4,200138,14.85
119,2020-12-21,600956,9.6,9.31,9.6,9.23,9.73,9.44,9.73,9.36,156856,11.64
120,2020-12-22,600956,9.13,8.66,9.13,8.6,9.26,8.79,9.26,8.73,207777,15.42
121,2020-12-23,600956,8.66,8.84,9.05,8.53,8.79,8.97,9.18,8.66,143812,10.67
122,2020-12-24,600956,8.73,9.72,9.72,8.48,8.86,9.85,9.85,8.61,367568,27.28
123,2020-12-25,600956,9.66,10.69,10.69,9.58,9.79,10.82,10.82,9.71,339826,25.22
124,2020-12-28,600956,11.69,11.76,11.76,10.82,11.82,11.89,11.89,10.95,805882,59.81
125,2020-12-29,600956,10.98,10.58,11.27,10.58,11.11,10.71,11.4,10.71,283711,21.05
126,2020-12-30,600956,9.92,10.17,10.54,9.55,10.05,10.3,10.67,9.68,463153,34.37
127,2020-12-31,600956,9.95,10.06,10.56,9.8,10.08,10.19,10.69,9.93,384737,28.55
128,2021-01-04,600956,9.9,11.07,11.07,9.76,10.03,11.2,11.2,9.89,436405,32.39
129,2021-01-05,600956,11.32,10.7,11.5,10.6,11.45,10.83,11.63,10.73,489336,36.31
130,2021-01-06,600956,10.67,10.45,10.8,10.07,10.8,10.58,10.93,10.2,308732,22.91
131,2021-01-07,600956,10.46,10.11,10.79,10.02,10.59,10.24,10.92,10.15,359589,26.69
132,2021-01-08,600956,9.79,9.26,9.8,9.1,9.92,9.39,9.93,9.23,309949,23.0
133,2021-01-11,600956,9.22,8.6,9.22,8.58,9.35,8.73,9.35,8.71,247915,18.4
134,2021-01-12,600956,8.5,8.72,8.79,8.35,8.63,8.85,8.92,8.48,178677,13.26
135,2021-01-13,600956,8.5,8.46,8.79,8.36,8.63,8.59,8.92,8.49,181224,13.45
136,2021-01-14,600956,8.31,7.8,8.31,7.7,8.44,7.93,8.44,7.83,208604,15.48
137,2021-01-15,600956,7.81,7.92,7.99,7.77,7.94,8.05,8.12,7.9,92677,6.88
138,2021-01-18,600956,7.99,7.96,8.0,7.85,8.12,8.09,8.13,7.98,90700,6.73
139,2021-01-19,600956,7.95,8.0,8.17,7.81,8.08,8.13,8.3,7.94,117978,8.76
140,2021-01-20,600956,8.03,8.23,8.25,7.88,8.16,8.36,8.38,8.01,139367,10.34
141,2021-01-21,600956,8.21,8.14,8.23,8.1,8.34,8.27,8.36,8.23,109668,8.14
142,2021-01-22,600956,8.15,7.95,8.28,7.95,8.28,8.08,8.41,8.08,95685,7.1
143,2021-01-25,600956,8.0,7.93,8.2,7.7,8.13,8.06,8.33,7.83,116844,8.67
144,2021-01-26,600956,7.77,7.74,7.94,7.69,7.9,7.87,8.07,7.82,77005,5.71
145,2021-01-27,600956,7.72,7.98,8.14,7.72,7.85,8.11,8.27,7.85,87885,6.52
146,2021-01-28,600956,7.86,7.94,8.13,7.8,7.99,8.07,8.26,7.93,94934,7.05
147,2021-01-29,600956,7.9,7.82,8.08,7.7,8.03,7.95,8.21,7.83,89470,6.64
148,2021-02-01,600956,7.71,7.34,7.76,7.2,7.84,7.47,7.89,7.33,106680,7.92
149,2021-02-02,600956,7.43,7.28,7.43,7.24,7.56,7.41,7.56,7.37,50271,3.73
150,2021-02-03,600956,7.29,7.14,7.33,7.11,7.42,7.27,7.46,7.24,64142,4.76
151,2021-02-04,600956,7.2,6.8,7.2,6.65,7.33,6.93,7.33,6.78,83300,6.18
152,2021-02-05,600956,6.86,6.75,6.95,6.71,6.99,6.88,7.08,6.84,49289,3.66
153,2021-02-08,600956,6.75,6.7,6.88,6.6,6.88,6.83,7.01,6.73,42317,3.14
154,2021-02-09,600956,6.73,6.8,6.86,6.68,6.86,6.93,6.99,6.81,39549,2.93
155,2021-02-10,600956,6.8,7.48,7.48,6.8,6.93,7.61,7.61,6.93,46172,3.43
156,2021-02-18,600956,7.99,7.6,7.99,7.45,8.12,7.73,8.12,7.58,145973,10.83
157,2021-02-19,600956,7.51,7.67,7.7,7.44,7.64,7.8,7.83,7.57,85983,6.38
158,2021-02-22,600956,7.67,7.65,7.85,7.63,7.8,7.78,7.98,7.76,95091,7.06
159,2021-02-23,600956,7.71,7.88,8.15,7.71,7.84,8.01,8.28,7.84,134052,9.95
160,2021-02-24,600956,7.73,7.64,7.84,7.56,7.86,7.77,7.97,7.69,82562,6.13
161,2021-02-25,600956,7.67,7.43,7.72,7.41,7.8,7.56,7.85,7.54,61007,4.53
162,2021-02-26,600956,7.35,7.47,7.62,7.23,7.48,7.6,7.75,7.36,48433,3.59
163,2021-03-01,600956,7.49,7.49,7.55,7.4,7.62,7.62,7.68,7.53,43375,3.22
164,2021-03-02,600956,7.6,7.79,7.85,7.55,7.73,7.92,7.98,7.68,105528,7.83
165,2021-03-03,600956,7.63,7.89,7.95,7.63,7.76,8.02,8.08,7.76,101381,7.52
166,2021-03-04,600956,7.84,7.92,8.0,7.75,7.97,8.05,8.13,7.88,103566,7.69
167,2021-03-05,600956,7.76,7.93,8.1,7.76,7.89,8.06,8.23,7.89,94373,7.0
168,2021-03-08,600956,7.89,8.38,8.48,7.63,8.02,8.51,8.61,7.76,218861,16.24
169,2021-03-09,600956,8.22,7.83,8.26,7.56,8.35,7.96,8.39,7.69,146034,10.84
170,2021-03-10,600956,7.8,7.86,8.1,7.71,7.93,7.99,8.23,7.84,92246,6.85
171,2021-03-11,600956,7.82,8.08,8.1,7.78,7.95,8.21,8.23,7.91,116325,8.63
172,2021-03-12,600956,8.08,8.51,8.65,8.05,8.21,8.64,8.78,8.18,242441,17.99
173,2021-03-15,600956,8.42,8.47,8.74,8.25,8.55,8.6,8.87,8.38,165412,12.28
174,2021-03-16,600956,8.38,9.32,9.32,8.32,8.51,9.45,9.45,8.45,340083,25.24
175,2021-03-17,600956,9.37,9.02,9.39,8.83,9.5,9.15,9.52,8.96,293829,21.81
176,2021-03-18,600956,8.89,8.92,8.97,8.7,9.02,9.05,9.1,8.83,194900,14.46
177,2021-03-19,600956,8.78,9.81,9.81,8.72,8.91,9.94,9.94,8.85,235683,17.49
178,2021-03-22,600956,10.79,10.79,10.79,10.79,10.92,10.92,10.92,10.92,30698,2.28
179,2021-03-23,600956,11.87,11.87,11.87,11.87,12.0,12.0,12.0,12.0,48156,3.57
180,2021-03-24,600956,12.5,13.06,13.06,12.28,12.63,13.19,13.19,12.41,697005,51.73
181,2021-03-25,600956,13.5,12.5,13.78,11.75,13.63,12.63,13.91,11.88,677717,50.29
182,2021-03-26,600956,13.7,13.75,13.75,13.67,13.83,13.88,13.88,13.8,261038,19.37
183,2021-03-29,600956,15.13,15.13,15.13,13.0,15.26,15.26,15.26,13.13,956109,70.95
184,2021-03-30,600956,15.9,16.64,16.64,14.77,16.03,16.77,16.77,14.9,910608,67.58
185,2021-03-31,600956,14.98,15.34,17.57,14.98,15.11,15.47,17.7,15.11,986026,73.17
186,2021-04-01,600956,14.1,13.81,14.75,13.81,14.23,13.94,14.88,13.94,704370,52.27
187,2021-04-02,600956,13.39,12.85,13.76,12.72,13.52,12.98,13.89,12.85,548295,40.69
188,2021-04-06,600956,13.28,14.14,14.14,13.2,13.41,14.27,14.27,13.33,416287,30.89
189,2021-04-07,600956,15.55,15.55,15.55,15.55,15.68,15.68,15.68,15.68,54997,4.08
190,2021-04-08,600956,17.11,17.11,17.11,16.02,17.24,17.24,17.24,16.15,721498,53.54
191,2021-04-09,600956,16.0,15.85,17.97,15.48,16.13,15.98,18.1,15.61,957239,71.04
192,2021-04-12,600956,14.84,16.19,17.18,14.28,14.97,16.32,17.31,14.41,804811,59.73
193,2021-04-13,600956,15.42,14.57,15.52,14.57,15.55,14.7,15.65,14.7,447668,33.22
194,2021-04-14,600956,13.75,14.68,15.5,13.18,13.88,14.81,15.63,13.31,542727,40.28
195,2021-04-15,600956,14.16,14.69,15.45,14.02,14.29,14.82,15.58,14.15,478828,35.53
196,2021-04-16,600956,14.39,13.95,14.95,13.57,14.52,14.08,15.08,13.7,402507,29.87
197,2021-04-19,600956,13.96,13.65,14.28,13.51,14.09,13.78,14.41,13.64,365048,27.09
198,2021-04-20,600956,13.44,13.95,14.3,13.24,13.57,14.08,14.43,13.37,453831,33.68
199,2021-04-21,600956,13.4,13.14,13.49,12.86,13.53,13.27,13.62,12.99,351591,26.09
200,2021-04-22,600956,13.0,12.59,13.24,12.51,13.13,12.72,13.37,12.64,283947,21.07
201,2021-04-23,600956,12.8,12.4,12.92,12.11,12.93,12.53,13.05,12.24,270952,20.11
202,2021-04-26,600956,12.41,11.99,12.41,11.96,12.54,12.12,12.54,12.09,221152,16.41
203,2021-04-27,600956,11.99,11.68,11.99,11.33,12.12,11.81,12.12,11.46,240191,17.82
204,2021-04-28,600956,11.62,11.77,12.09,11.5,11.75,11.9,12.22,11.63,171740,12.75
205,2021-04-29,600956,11.67,12.25,12.89,11.51,11.8,12.38,13.02,11.64,400231,29.7
206,2021-04-30,600956,12.38,11.68,12.45,11.5,12.51,11.81,12.58,11.63,279074,20.71
207,2021-05-06,600956,11.85,12.85,12.85,11.82,11.98,12.98,12.98,11.95,323400,24.0
208,2021-05-07,600956,13.24,12.91,13.43,12.65,13.37,13.04,13.56,12.78,507531,37.66
209,2021-05-10,600956,12.2,13.15,13.25,12.04,12.33,13.28,13.38,12.17,378108,28.06
210,2021-05-11,600956,12.89,13.29,14.0,12.75,13.02,13.42,14.13,12.88,439650,32.63
211,2021-05-12,600956,12.92,12.69,13.14,12.51,13.05,12.82,13.27,12.64,294148,21.83
212,2021-05-13,600956,12.54,12.17,12.87,12.15,12.67,12.3,13.0,12.28,255733,18.98
213,2021-05-14,600956,12.46,12.28,12.66,12.22,12.59,12.41,12.79,12.35,202532,15.03
214,2021-05-17,600956,12.17,12.31,12.45,11.92,12.3,12.44,12.58,12.05,168966,12.54
215,2021-05-18,600956,12.28,12.99,13.02,11.92,12.41,13.12,13.15,12.05,346274,25.7
216,2021-05-19,600956,13.0,13.42,13.47,12.89,13.13,13.55,13.6,13.02,398104,29.54
217,2021-05-20,600956,13.34,12.95,13.76,12.81,13.47,13.08,13.89,12.94,371379,27.56
218,2021-05-21,600956,12.85,14.25,14.25,12.6,12.98,14.38,14.38,12.73,495483,36.77
219,2021-05-24,600956,14.84,14.34,15.6,14.21,14.97,14.47,15.73,14.34,688972,51.13
220,2021-05-25,600956,14.21,13.99,14.75,13.84,14.34,14.12,14.88,13.97,400211,29.7
221,2021-05-26,600956,13.86,14.72,14.78,13.56,13.99,14.85,14.91,13.69,501834,37.24
222,2021-05-27,600956,14.4,14.37,14.89,14.1,14.53,14.5,15.02,14.23,338728,25.14
223,2021-05-28,600956,14.18,14.04,14.67,13.85,14.31,14.17,14.8,13.98,286735,21.28
224,2021-05-31,600956,13.99,14.81,15.27,13.76,14.12,14.94,15.4,13.89,447492,33.21
225,2021-06-01,600956,14.61,14.31,14.74,14.1,14.74,14.44,14.87,14.23,323458,24.0
226,2021-06-02,600956,14.11,14.28,14.47,14.0,14.24,14.41,14.6,14.13,267878,19.88
227,2021-06-03,600956,14.15,13.71,14.23,13.66,14.28,13.84,14.36,13.79,230374,17.1
228,2021-06-04,600956,13.59,13.25,13.63,13.09,13.72,13.38,13.76,13.22,196135,14.56
229,2021-06-07,600956,13.44,13.36,13.58,13.24,13.57,13.49,13.71,13.37,128383,9.53
230,2021-06-08,600956,13.35,13.48,13.57,13.26,13.48,13.61,13.7,13.39,131737,9.78
231,2021-06-09,600956,13.33,12.67,13.33,12.61,13.59,12.93,13.59,12.87,158351,11.75
232,2021-06-10,600956,12.79,12.81,12.99,12.43,13.05,13.07,13.25,12.69,143768,10.67
233,2021-06-11,600956,12.9,13.24,13.5,12.87,13.16,13.5,13.76,13.13,191855,14.24
234,2021-06-15,600956,13.2,12.72,13.36,12.68,13.46,12.98,13.62,12.94,150321,11.16
235,2021-06-16,600956,12.85,11.93,12.86,11.8,13.11,12.19,13.12,12.06,151239,11.22
236,2021-06-17,600956,11.93,12.03,12.2,11.72,12.19,12.29,12.46,11.98,85108,6.32
237,2021-06-18,600956,12.07,12.13,12.15,11.8,12.33,12.39,12.41,12.06,90005,6.68
238,2021-06-21,600956,12.4,12.54,12.68,12.16,12.66,12.8,12.94,12.42,115004,8.53
239,2021-06-22,600956,12.53,12.6,12.9,12.27,12.79,12.86,13.16,12.53,150371,11.16
240,2021-06-23,600956,12.76,12.55,12.78,12.4,13.02,12.81,13.04,12.66,116506,8.65
241,2021-06-24,600956,12.5,12.21,12.51,12.12,12.76,12.47,12.77,12.38,104305,7.74
242,2021-06-25,600956,12.25,12.28,12.37,12.06,12.51,12.54,12.63,12.32,90250,6.7
243,2021-06-28,600956,12.2,12.32,12.59,12.12,12.46,12.58,12.85,12.38,86161,6.39
244,2021-06-29,600956,12.14,11.96,12.18,11.95,12.4,12.22,12.44,12.21,90218,6.7
245,2021-06-30,600956,11.95,11.71,12.03,11.65,12.21,11.97,12.29,11.91,79822,5.92
246,2021-07-01,600956,11.75,11.25,11.78,11.24,12.01,11.51,12.04,11.5,96584,7.17
247,2021-07-02,600956,11.38,11.36,11.4,11.15,11.64,11.62,11.66,11.41,64827,4.81
248,2021-07-05,600956,11.36,11.42,11.52,11.3,11.62,11.68,11.78,11.56,52439,3.89
249,2021-07-06,600956,11.35,11.66,11.74,11.3,11.61,11.92,12.0,11.56,93220,6.92
250,2021-07-07,600956,11.5,11.56,11.64,11.4,11.76,11.82,11.9,11.66,80090,5.94
251,2021-07-08,600956,11.59,11.7,11.86,11.52,11.85,11.96,12.12,11.78,104413,7.75
252,2021-07-09,600956,11.59,11.58,11.73,11.26,11.85,11.84,11.99,11.52,97235,7.22
253,2021-07-12,600956,11.88,12.33,12.34,11.73,12.14,12.59,12.6,11.99,198362,14.72
254,2021-07-13,600956,12.39,13.1,13.47,12.0,12.65,13.36,13.73,12.26,310226,23.02
255,2021-07-14,600956,13.1,12.88,13.47,12.67,13.36,13.14,13.73,12.93,260473,19.33
256,2021-07-15,600956,12.61,12.37,12.61,12.2,12.87,12.63,12.87,12.46,152607,11.33
257,2021-07-16,600956,12.36,12.28,12.55,12.2,12.62,12.54,12.81,12.46,102014,7.57
258,2021-07-19,600956,12.2,12.54,12.7,11.91,12.46,12.8,12.96,12.17,131088,9.73
259,2021-07-20,600956,12.35,12.24,12.43,12.13,12.61,12.5,12.69,12.39,82353,6.11
260,2021-07-21,600956,12.22,12.14,12.34,12.1,12.48,12.4,12.6,12.36,91271,6.77
261,2021-07-22,600956,12.22,12.12,12.35,12.03,12.48,12.38,12.61,12.29,92766,6.88
262,2021-07-23,600956,12.01,11.63,12.05,11.6,12.27,11.89,12.31,11.86,120227,8.92
263,2021-07-26,600956,11.55,11.66,11.77,11.39,11.81,11.92,12.03,11.65,86898,6.45
264,2021-07-27,600956,11.72,11.75,12.1,11.66,11.98,12.01,12.36,11.92,121141,8.99
265,2021-07-28,600956,11.65,11.22,11.69,10.8,11.91,11.48,11.95,11.06,94767,7.03
266,2021-07-29,600956,11.12,11.54,11.72,11.12,11.38,11.8,11.98,11.38,85461,6.34
267,2021-07-30,600956,11.62,12.28,12.34,11.55,11.88,12.54,12.6,11.81,162484,12.06
268,2021-08-02,600956,12.31,12.37,12.44,12.01,12.57,12.63,12.7,12.27,138190,10.26
269,2021-08-03,600956,12.28,12.26,12.66,12.17,12.54,12.52,12.92,12.43,106960,7.94
270,2021-08-04,600956,12.15,12.22,12.4,12.08,12.41,12.48,12.66,12.34,79642,5.91
271,2021-08-05,600956,12.31,12.15,12.44,12.05,12.57,12.41,12.7,12.31,89921,6.67
272,2021-08-06,600956,12.01,12.35,12.46,11.96,12.27,12.61,12.72,12.22,101481,7.53
273,2021-08-09,600956,12.45,13.59,13.59,12.4,12.71,13.85,13.85,12.66,310717,23.06
274,2021-08-10,600956,13.88,13.3,13.88,13.15,14.14,13.56,14.14,13.41,305155,22.65
275,2021-08-11,600956,13.43,13.99,14.11,13.21,13.69,14.25,14.37,13.47,345482,25.64
276,2021-08-12,600956,13.75,13.77,13.86,13.4,14.01,14.03,14.12,13.66,248486,18.44
277,2021-08-13,600956,13.6,13.48,13.75,13.17,13.86,13.74,14.01,13.43,183395,13.61
278,2021-08-16,600956,13.48,14.34,14.78,13.3,13.74,14.6,15.04,13.56,373684,27.73
279,2021-08-17,600956,14.45,13.51,14.46,13.19,14.71,13.77,14.72,13.45,301679,22.39
280,2021-08-18,600956,13.05,13.14,13.45,12.91,13.31,13.4,13.71,13.17,158397,11.75
281,2021-08-19,600956,13.03,13.09,13.34,12.72,13.29,13.35,13.6,12.98,133273,9.89
282,2021-08-20,600956,13.03,12.8,13.03,12.53,13.29,13.06,13.29,12.79,134391,9.97
283,2021-08-23,600956,13.14,13.72,13.86,13.12,13.4,13.98,14.12,13.38,232004,17.22
284,2021-08-24,600956,14.07,13.94,14.21,13.67,14.33,14.2,14.47,13.93,232490,17.25
285,2021-08-25,600956,13.82,14.08,14.2,13.52,14.08,14.34,14.46,13.78,224940,16.69
286,2021-08-26,600956,14.14,13.72,14.14,13.61,14.4,13.98,14.4,13.87,216619,16.08
287,2021-08-27,600956,13.72,13.82,14.2,13.54,13.98,14.08,14.46,13.8,172985,12.84
288,2021-08-30,600956,13.82,14.65,14.66,13.54,14.08,14.91,14.92,13.8,332298,24.66
289,2021-08-31,600956,14.62,13.61,14.63,13.57,14.88,13.87,14.89,13.83,298151,22.13
290,2021-09-01,600956,13.7,13.18,13.98,12.98,13.96,13.44,14.24,13.24,181374,13.46
291,2021-09-02,600956,13.04,14.31,14.5,13.01,13.3,14.57,14.76,13.27,379280,28.15
292,2021-09-03,600956,14.33,14.95,15.32,14.16,14.59,15.21,15.58,14.42,467125,34.67
293,2021-09-06,600956,15.2,15.67,16.0,14.63,15.46,15.93,16.26,14.89,439813,32.64
294,2021-09-07,600956,15.5,15.65,15.99,15.03,15.76,15.91,16.25,15.29,320357,23.77
295,2021-09-08,600956,16.5,16.29,17.22,16.02,16.76,16.55,17.48,16.28,539696,40.05
296,2021-09-09,600956,15.8,16.4,16.98,15.7,16.06,16.66,17.24,15.96,408011,30.28
297,2021-09-10,600956,16.2,15.53,16.3,15.2,16.46,15.79,16.56,15.46,320243,23.77
298,2021-09-13,600956,15.37,15.36,15.68,15.18,15.63,15.62,15.94,15.44,189840,14.09
299,2021-09-14,600956,15.59,14.86,15.88,14.82,15.85,15.12,16.14,15.08,223621,16.6
300,2021-09-15,600956,14.69,16.29,16.3,14.62,14.95,16.55,16.56,14.88,325308,24.14
301,2021-09-16,600956,16.0,16.74,17.43,15.84,16.26,17.0,17.69,16.1,388201,28.81
302,2021-09-17,600956,16.3,17.7,18.0,16.2,16.56,17.96,18.26,16.46,411518,30.54
303,2021-09-22,600956,17.72,19.47,19.47,17.72,17.98,19.73,19.73,17.98,483716,35.9
304,2021-09-23,600956,19.47,19.15,20.94,18.42,19.73,19.41,21.2,18.68,490637,36.41
305,2021-09-24,600956,18.9,20.75,21.07,18.41,19.16,21.01,21.33,18.67,533377,39.58
306,2021-09-27,600956,21.0,19.11,21.28,18.68,21.26,19.37,21.54,18.94,460223,34.15
307,2021-09-28,600956,18.4,21.02,21.02,18.03,18.66,21.28,21.28,18.29,433205,32.15
308,2021-09-29,600956,20.0,18.92,21.0,18.92,20.26,19.18,21.26,19.18,360935,26.79
309,2021-09-30,600956,19.2,20.81,20.81,18.22,19.46,21.07,21.07,18.48,483494,35.88
310,2021-10-08,600956,21.4,21.05,22.39,19.6,21.66,21.31,22.65,19.86,558263,41.43
311,2021-10-11,600956,20.2,18.96,20.78,18.95,20.46,19.22,21.04,19.21,392288,29.11
312,2021-10-12,600956,18.08,18.26,19.36,17.3,18.34,18.52,19.62,17.56,302916,22.48
313,2021-10-13,600956,17.93,16.43,17.98,16.43,18.19,16.69,18.24,16.69,272688,20.24
314,2021-10-14,600956,15.9,16.4,16.9,15.52,16.16,16.66,17.16,15.78,231983,17.22
315,2021-10-15,600956,16.65,16.72,17.12,15.76,16.91,16.98,17.38,16.02,247387,18.36
316,2021-10-18,600956,16.6,17.4,17.68,16.43,16.86,17.66,17.94,16.69,259688,19.27
317,2021-10-19,600956,17.41,17.47,17.86,16.96,17.67,17.73,18.12,17.22,232587,17.26
318,2021-10-20,600956,17.37,18.01,18.3,16.96,17.63,18.27,18.56,17.22,266259,19.76
319,2021-10-21,600956,18.17,17.62,18.17,17.47,18.43,17.88,18.43,17.73,178734,13.26
320,2021-10-22,600956,17.57,16.88,17.61,16.8,17.83,17.14,17.87,17.06,163553,12.14
321,2021-10-25,600956,17.18,18.2,18.36,17.02,17.44,18.46,18.62,17.28,267745,19.87
322,2021-10-26,600956,18.24,19.03,19.32,17.98,18.5,19.29,19.58,18.24,312837,23.22
323,2021-10-27,600956,18.8,19.18,19.88,18.61,19.06,19.44,20.14,18.87,306689,22.76
324,2021-10-28,600956,19.4,18.59,19.4,18.12,19.66,18.85,19.66,18.38,215478,15.99
325,2021-10-29,600956,18.03,17.72,18.29,16.8,18.29,17.98,18.55,17.06,290336,21.55
326,2021-11-01,600956,17.26,18.27,18.59,17.0,17.52,18.53,18.85,17.26,247524,18.37
327,2021-11-02,600956,18.3,17.12,18.36,16.99,18.56,17.38,18.62,17.25,200160,14.85
328,2021-11-03,600956,17.11,17.1,17.34,16.58,17.37,17.36,17.6,16.84,146909,10.9
329,2021-11-04,600956,17.04,17.45,17.83,16.95,17.3,17.71,18.09,17.21,172816,12.82
330,2021-11-05,600956,17.27,16.42,17.37,16.36,17.53,16.68,17.63,16.62,188199,13.97
331,2021-11-08,600956,16.19,16.45,16.64,16.1,16.45,16.71,16.9,16.36,92217,6.84
332,2021-11-09,600956,16.92,16.63,17.27,16.42,17.18,16.89,17.53,16.68,126296,9.37
333,2021-11-10,600956,16.4,16.24,16.49,15.8,16.66,16.5,16.75,16.06,141017,10.47
334,2021-11-11,600956,16.24,15.96,16.39,15.9,16.5,16.22,16.65,16.16,96381,7.15
335,2021-11-12,600956,15.98,16.0,16.2,15.92,16.24,16.26,16.46,16.18,83658,6.21
336,2021-11-15,600956,16.0,15.62,16.09,15.55,16.26,15.88,16.35,15.81,97871,7.26
337,2021-11-16,600956,15.62,15.66,15.88,15.32,15.88,15.92,16.14,15.58,92137,6.84
338,2021-11-17,600956,15.67,16.42,16.47,15.67,15.93,16.68,16.73,15.93,174724,12.97
339,2021-11-18,600956,16.51,16.72,17.11,16.5,16.77,16.98,17.37,16.76,207412,15.39
340,2021-11-19,600956,16.3,16.84,16.87,16.1,16.56,17.1,17.13,16.36,141293,10.49
341,2021-11-22,600956,16.96,16.72,17.08,16.56,17.22,16.98,17.34,16.82,110292,8.18
342,2021-11-23,600956,16.56,17.2,17.31,16.35,16.82,17.46,17.57,16.61,170627,12.66
343,2021-11-24,600956,17.35,18.18,18.5,17.0,17.61,18.44,18.76,17.26,281600,20.9
344,2021-11-25,600956,17.99,17.44,18.16,17.41,18.25,17.7,18.42,17.67,189425,14.06
345,2021-11-26,600956,17.28,17.17,17.55,16.91,17.54,17.43,17.81,17.17,108302,8.04
346,2021-11-29,600956,16.7,16.91,17.43,16.48,16.96,17.17,17.69,16.74,111691,8.29
347,2021-11-30,600956,16.97,16.73,17.34,16.62,17.23,16.99,17.6,16.88,105563,7.83
348,2021-12-01,600956,16.75,17.04,17.15,16.6,17.01,17.3,17.41,16.86,100189,7.44
349,2021-12-02,600956,17.05,16.7,17.12,16.66,17.31,16.96,17.38,16.92,86433,6.41
350,2021-12-03,600956,16.7,17.39,17.45,16.32,16.96,17.65,17.71,16.58,183728,13.63
351,2021-12-06,600956,17.62,17.13,17.88,17.11,17.88,17.39,18.14,17.37,151760,11.26
352,2021-12-07,600956,17.2,18.19,18.56,16.61,17.46,18.45,18.82,16.87,286819,21.29
353,2021-12-08,600956,18.2,18.14,18.5,17.88,18.46,18.4,18.76,18.14,217660,16.15
354,2021-12-09,600956,18.15,18.34,18.8,18.01,18.41,18.6,19.06,18.27,215752,16.01
355,2021-12-10,600956,18.06,17.6,18.17,17.51,18.32,17.86,18.43,17.77,169776,12.6
356,2021-12-13,600956,17.56,17.71,18.13,17.51,17.82,17.97,18.39,17.77,131527,9.76
357,2021-12-14,600956,17.62,17.44,17.89,17.38,17.88,17.7,18.15,17.64,102648,7.62
358,2021-12-15,600956,17.44,17.75,17.96,17.26,17.7,18.01,18.22,17.52,132118,9.8
359,2021-12-16,600956,17.78,18.46,18.71,17.66,18.04,18.72,18.97,17.92,250079,18.56
360,2021-12-17,600956,18.46,18.55,18.8,18.18,18.72,18.81,19.06,18.44,216307,16.05
361,2021-12-20,600956,18.27,17.36,18.28,17.17,18.53,17.62,18.54,17.43,183267,13.6
362,2021-12-21,600956,17.19,16.94,17.37,16.62,17.45,17.2,17.63,16.88,123518,9.17
363,2021-12-22,600956,16.95,16.95,17.48,16.81,17.21,17.21,17.74,17.07,96953,7.2
364,2021-12-23,600956,16.92,17.85,18.01,16.51,17.18,18.11,18.27,16.77,203400,15.09
365,2021-12-24,600956,17.97,17.48,18.22,17.45,18.23,17.74,18.48,17.71,149086,11.06
366,2021-12-27,600956,17.48,18.18,18.4,17.2,17.74,18.44,18.66,17.46,195177,14.48
367,2021-12-28,600956,18.23,17.4,18.35,17.03,18.49,17.66,18.61,17.29,196418,14.58
368,2021-12-29,600956,17.26,17.4,17.58,17.0,17.52,17.66,17.84,17.26,101315,7.52
369,2021-12-30,600956,17.25,17.15,17.4,17.12,17.51,17.41,17.66,17.38,73292,5.44
370,2021-12-31,600956,17.28,17.21,17.57,17.15,17.54,17.47,17.83,17.41,79216,5.88
371,2022-01-04,600956,17.61,17.42,17.97,17.3,17.87,17.68,18.23,17.56,101867,7.56
372,2022-01-05,600956,17.3,16.57,17.31,16.11,17.56,16.83,17.57,16.37,136642,10.14
373,2022-01-06,600956,16.55,16.89,17.12,16.15,16.81,17.15,17.38,16.41,87878,6.52
374,2022-01-07,600956,16.81,16.31,16.86,16.31,17.07,16.57,17.12,16.57,86170,6.39
375,2022-01-10,600956,16.4,15.76,16.4,15.3,16.66,16.02,16.66,15.56,97974,7.27
376,2022-01-11,600956,15.74,15.63,15.85,15.54,16.0,15.89,16.11,15.8,67063,4.98
377,2022-01-12,600956,15.64,15.8,15.8,15.6,15.9,16.06,16.06,15.86,40251,2.99
378,2022-01-13,600956,15.81,15.47,15.81,15.45,16.07,15.73,16.07,15.71,54658,4.06
379,2022-01-14,600956,15.48,15.3,15.59,15.18,15.74,15.56,15.85,15.44,51896,3.85
380,2022-01-17,600956,15.29,15.2,15.35,15.08,15.55,15.46,15.61,15.34,51449,3.82
381,2022-01-18,600956,15.24,15.46,15.57,15.1,15.5,15.72,15.83,15.36,58357,4.33
382,2022-01-19,600956,15.44,15.39,15.63,15.24,15.7,15.65,15.89,15.5,36980,2.74
383,2022-01-20,600956,15.39,15.5,15.77,15.17,15.65,15.76,16.03,15.43,57149,4.24
384,2022-01-21,600956,15.4,15.55,15.69,15.36,15.66,15.81,15.95,15.62,45434,3.37
385,2022-01-24,600956,15.53,15.26,15.53,15.13,15.79,15.52,15.79,15.39,42402,3.15
386,2022-01-25,600956,15.2,14.05,15.26,14.0,15.46,14.31,15.52,14.26,90490,6.72
387,2022-01-26,600956,15.0,14.25,15.05,14.08,15.26,14.51,15.31,14.34,70692,5.25
388,2022-01-27,600956,14.32,13.79,14.38,13.77,14.58,14.05,14.64,14.03,51122,3.79
389,2022-01-28,600956,13.92,14.13,14.26,13.46,14.18,14.39,14.52,13.72,74694,5.54
390,2022-02-07,600956,14.51,14.44,14.63,14.33,14.77,14.7,14.89,14.59,41539,3.08
391,2022-02-08,600956,14.5,14.85,14.86,14.3,14.76,15.11,15.12,14.56,57004,4.23
392,2022-02-09,600956,14.81,14.79,14.84,14.56,15.07,15.05,15.1,14.82,48834,3.62
393,2022-02-10,600956,14.83,14.73,14.93,14.61,15.09,14.99,15.19,14.87,52899,3.93
394,2022-02-11,600956,14.76,14.47,14.82,14.4,15.02,14.73,15.08,14.66,42074,3.12
395,2022-02-14,600956,14.3,14.26,14.58,14.13,14.56,14.52,14.84,14.39,46205,3.43
396,2022-02-15,600956,14.24,14.2,14.39,14.11,14.5,14.46,14.65,14.37,39858,2.96
397,2022-02-16,600956,14.22,14.35,14.58,14.22,14.48,14.61,14.84,14.48,43321,3.21
398,2022-02-17,600956,14.41,14.48,14.65,14.3,14.67,14.74,14.91,14.56,52079,3.86
399,2022-02-18,600956,14.38,14.4,14.54,14.21,14.64,14.66,14.8,14.47,32880,2.44
400,2022-02-21,600956,14.43,14.51,14.51,14.3,14.69,14.77,14.77,14.56,38585,2.86
401,2022-02-22,600956,14.49,14.23,14.85,14.22,14.75,14.49,15.11,14.48,91814,6.81
402,2022-02-23,600956,14.25,14.44,14.45,14.09,14.51,14.7,14.71,14.35,75302,5.59
403,2022-02-24,600956,14.45,14.82,15.43,14.45,14.71,15.08,15.69,14.71,188013,13.95
404,2022-02-25,600956,14.85,15.01,15.35,14.45,15.11,15.27,15.61,14.71,147258,10.93
405,2022-02-28,600956,15.01,14.92,15.19,14.72,15.27,15.18,15.45,14.98,88201,6.55
406,2022-03-01,600956,14.96,14.8,15.05,14.7,15.22,15.06,15.31,14.96,64416,4.78
407,2022-03-02,600956,14.69,14.83,14.94,14.66,14.95,15.09,15.2,14.92,44342,3.29
408,2022-03-03,600956,14.98,15.44,15.44,14.82,15.24,15.7,15.7,15.08,169014,12.54
409,2022-03-04,600956,15.38,14.83,15.38,14.74,15.64,15.09,15.64,15.0,117565,8.72
410,2022-03-07,600956,14.78,14.28,14.96,14.14,15.04,14.54,15.22,14.4,77544,5.75
411,2022-03-08,600956,14.36,13.63,14.37,13.55,14.62,13.89,14.63,13.81,68861,5.11
412,2022-03-09,600956,13.72,13.68,13.95,12.72,13.98,13.94,14.21,12.98,77810,5.77
413,2022-03-10,600956,13.91,13.82,14.09,13.54,14.17,14.08,14.35,13.8,70080,5.2
414,2022-03-11,600956,13.6,13.55,13.67,13.21,13.86,13.81,13.93,13.47,53361,3.96
415,2022-03-14,600956,13.41,12.97,13.5,12.94,13.67,13.23,13.76,13.2,50574,3.75
416,2022-03-15,600956,12.96,12.13,12.97,12.1,13.22,12.39,13.23,12.36,84357,6.26
417,2022-03-16,600956,12.28,12.43,12.5,11.83,12.54,12.69,12.76,12.09,67198,4.99
418,2022-03-17,600956,12.61,12.65,12.92,12.54,12.87,12.91,13.18,12.8,62444,4.63
419,2022-03-18,600956,12.67,13.12,13.15,12.6,12.93,13.38,13.41,12.86,71360,5.3
420,2022-03-21,600956,13.0,12.99,13.18,12.83,13.26,13.25,13.44,13.09,51381,3.81
421,2022-03-22,600956,13.0,12.95,13.06,12.79,13.26,13.21,13.32,13.05,41157,3.05
422,2022-03-23,600956,13.19,13.57,13.85,13.19,13.45,13.83,14.11,13.45,123654,9.18
423,2022-03-24,600956,13.48,14.21,14.36,13.39,13.74,14.47,14.62,13.65,169263,12.56
424,2022-03-25,600956,14.14,13.47,14.14,13.45,14.4,13.73,14.4,13.71,107972,8.01
425,2022-03-28,600956,13.46,13.57,13.73,13.1,13.72,13.83,13.99,13.36,73523,5.46
426,2022-03-29,600956,13.6,13.45,13.67,13.33,13.86,13.71,13.93,13.59,49932,3.71
427,2022-03-30,600956,13.45,13.45,13.67,13.33,13.71,13.71,13.93,13.59,54069,4.01
428,2022-03-31,600956,13.35,13.09,13.37,13.05,13.61,13.35,13.63,13.31,56670,4.21
429,2022-04-01,600956,13.18,13.21,13.25,13.03,13.44,13.47,13.51,13.29,38437,2.85
430,2022-04-06,600956,13.18,13.46,13.51,13.06,13.44,13.72,13.77,13.32,46854,3.48
431,2022-04-07,600956,13.46,12.88,13.47,12.8,13.72,13.14,13.73,13.06,46378,3.44
432,2022-04-08,600956,12.91,12.82,13.12,12.56,13.17,13.08,13.38,12.82,36922,2.74
433,2022-04-11,600956,12.87,12.3,12.95,12.23,13.13,12.56,13.21,12.49,48819,3.62
434,2022-04-12,600956,12.39,12.64,12.65,12.23,12.65,12.9,12.91,12.49,45201,3.35
435,2022-04-13,600956,12.7,12.47,12.7,12.41,12.96,12.73,12.96,12.67,29817,2.21
436,2022-04-14,600956,12.62,12.37,12.62,12.31,12.88,12.63,12.88,12.57,26104,1.94
437,2022-04-15,600956,12.46,12.17,12.59,12.15,12.72,12.43,12.85,12.41,37588,2.79
438,2022-04-18,600956,12.16,12.3,12.36,11.66,12.42,12.56,12.62,11.92,38241,2.84
439,2022-04-19,600956,12.3,12.38,12.63,12.25,12.56,12.64,12.89,12.51,30840,2.29
440,2022-04-20,600956,12.41,12.02,12.44,12.01,12.67,12.28,12.7,12.27,34707,2.58
441,2022-04-21,600956,11.99,11.46,12.0,11.4,12.25,11.72,12.26,11.66,43170,3.2
442,2022-04-22,600956,11.45,11.8,11.9,11.01,11.71,12.06,12.16,11.27,45072,3.34
443,2022-04-25,600956,11.56,11.0,11.87,11.0,11.82,11.26,12.13,11.26,56330,4.18
444,2022-04-26,600956,11.0,10.48,11.16,10.48,11.26,10.74,11.42,10.74,54995,4.08
445,2022-04-27,600956,10.3,10.76,10.9,10.18,10.56,11.02,11.16,10.44,48122,3.57
446,2022-04-28,600956,10.76,10.77,10.92,10.6,11.02,11.03,11.18,10.86,41185,3.06
447,2022-04-29,600956,10.86,11.09,11.18,10.7,11.12,11.35,11.44,10.96,41788,3.1
448,2022-05-05,600956,11.03,11.43,11.57,10.94,11.29,11.69,11.83,11.2,46827,3.48
449,2022-05-06,600956,11.24,10.97,11.24,10.91,11.5,11.23,11.5,11.17,37994,2.82
450,2022-05-09,600956,10.9,11.08,11.18,10.84,11.16,11.34,11.44,11.1,28023,2.08
451,2022-05-10,600956,10.94,11.34,11.38,10.83,11.2,11.6,11.64,11.09,52686,3.91
452,2022-05-11,600956,11.46,11.52,11.83,11.3,11.72,11.78,12.09,11.56,64171,4.76
453,2022-05-12,600956,11.67,11.59,11.98,11.42,11.93,11.85,12.24,11.68,71427,5.3
454,2022-05-13,600956,11.63,11.53,11.84,11.45,11.89,11.79,12.1,11.71,43180,3.2
455,2022-05-16,600956,11.6,11.4,11.63,11.38,11.86,11.66,11.89,11.64,34461,2.56
456,2022-05-17,600956,11.57,11.41,11.57,11.18,11.83,11.67,11.83,11.44,29156,2.16
457,2022-05-18,600956,11.41,11.42,11.54,11.3,11.67,11.68,11.8,11.56,28571,2.12
458,2022-05-19,600956,11.23,12.08,12.15,11.2,11.49,12.34,12.41,11.46,81888,6.08
459,2022-05-20,600956,12.1,11.97,12.16,11.83,12.36,12.23,12.42,12.09,60488,4.49
460,2022-05-23,600956,11.97,11.87,11.99,11.7,12.23,12.13,12.25,11.96,42981,3.19
461,2022-05-24,600956,12.0,11.6,12.08,11.5,12.26,11.86,12.34,11.76,55871,4.15
462,2022-05-25,600956,11.5,11.81,11.89,11.4,11.76,12.07,12.15,11.66,40252,2.99
463,2022-05-26,600956,11.92,11.87,11.99,11.68,12.18,12.13,12.25,11.94,38039,2.82
464,2022-05-27,600956,11.89,11.77,11.96,11.63,12.15,12.03,12.22,11.89,30312,2.25
465,2022-05-30,600956,11.77,11.82,11.88,11.68,12.03,12.08,12.14,11.94,27172,2.02
466,2022-05-31,600956,12.0,12.21,12.25,11.82,12.26,12.47,12.51,12.08,76311,5.66
467,2022-06-01,600956,12.04,12.06,12.18,11.85,12.3,12.32,12.44,12.11,54466,4.04
468,2022-06-02,600956,12.08,12.19,12.28,11.97,12.34,12.45,12.54,12.23,49910,3.7
469,2022-06-06,600956,12.17,12.46,12.55,12.1,12.43,12.72,12.81,12.36,54412,4.04
470,2022-06-07,600956,12.6,12.42,12.6,12.31,12.86,12.68,12.86,12.57,46387,3.44
471,2022-06-08,600956,12.48,12.48,12.66,12.3,12.74,12.74,12.92,12.56,53069,3.94
472,2022-06-09,600956,12.49,12.37,12.65,12.31,12.75,12.63,12.91,12.57,49613,3.68
473,2022-06-10,600956,12.26,12.72,12.72,12.25,12.52,12.98,12.98,12.51,65283,4.84
474,2022-06-13,600956,12.71,12.42,12.72,12.21,12.97,12.68,12.98,12.47,80335,5.96
475,2022-06-14,600956,12.45,12.45,12.45,12.01,12.71,12.71,12.71,12.27,49285,3.66
476,2022-06-15,600956,12.42,12.27,12.52,12.26,12.68,12.53,12.78,12.52,47343,3.51
477,2022-06-16,600956,12.27,12.23,12.37,12.21,12.53,12.49,12.63,12.47,35775,2.65
478,2022-06-17,600956,12.15,12.25,12.35,12.08,12.41,12.51,12.61,12.34,35125,2.61
479,2022-06-20,600956,12.24,12.88,13.0,12.19,12.5,13.14,13.26,12.45,106410,7.9
480,2022-06-21,600956,12.88,12.49,12.97,12.36,13.14,12.75,13.23,12.62,75573,5.61
481,2022-06-22,600956,12.42,12.11,12.5,12.08,12.68,12.37,12.76,12.34,56804,4.22
482,2022-06-23,600956,12.11,12.23,12.25,11.82,12.37,12.49,12.51,12.08,46501,3.45
483,2022-06-24,600956,12.25,12.58,12.6,12.2,12.51,12.84,12.86,12.46,72667,5.39
484,2022-06-27,600956,12.69,12.59,12.82,12.5,12.95,12.85,13.08,12.76,58375,4.33
485,2022-06-28,600956,12.63,12.69,12.85,12.58,12.89,12.95,13.11,12.84,45458,3.37
486,2022-06-29,600956,12.67,12.33,12.78,12.32,12.93,12.59,13.04,12.58,46855,3.48
487,2022-06-30,600956,12.33,12.32,12.49,12.26,12.59,12.58,12.75,12.52,33929,2.52
488,2022-07-01,600956,12.33,12.42,12.59,12.3,12.59,12.68,12.85,12.56,37031,2.75
489,2022-07-04,600956,12.4,12.78,12.78,12.21,12.66,13.04,13.04,12.47,71558,5.31
490,2022-07-05,600956,12.7,14.06,14.06,12.68,12.96,14.32,14.32,12.94,113593,8.43
491,2022-07-06,600956,14.53,13.93,15.47,13.71,14.79,14.19,15.73,13.97,944804,32.66
492,2022-07-07,600956,12.54,13.66,14.39,12.54,12.8,13.92,14.65,12.8,638002,22.06
493,2022-07-08,600956,13.5,13.03,13.5,12.88,13.76,13.29,13.76,13.14,406326,14.05
494,2022-07-11,600956,12.95,13.96,14.0,12.73,13.21,14.22,14.26,12.99,534903,18.49
495,2022-07-12,600956,13.61,14.52,14.52,13.31,13.87,14.78,14.78,13.57,614450,21.24
496,2022-07-13,600956,14.2,14.26,14.92,13.92,14.46,14.52,15.18,14.18,481643,16.65
497,2022-07-14,600956,14.1,14.2,14.69,13.72,14.36,14.46,14.95,13.98,377447,13.05
498,2022-07-15,600956,14.1,14.67,14.77,13.91,14.36,14.93,15.03,14.17,480339,16.61
499,2022-07-18,600956,14.76,14.54,15.17,14.5,15.02,14.8,15.43,14.76,448778,15.52
500,2022-07-19,600956,14.41,14.17,14.44,13.82,14.67,14.43,14.7,14.08,356872,12.34
501,2022-07-20,600956,14.16,14.7,14.7,13.95,14.42,14.96,14.96,14.21,364227,12.59
502,2022-07-21,600956,14.28,14.04,14.48,14.03,14.71,14.47,14.91,14.46,279977,9.68
503,2022-07-22,600956,13.91,13.59,14.15,13.41,14.34,14.02,14.58,13.84,273563,9.46
504,2022-07-25,600956,13.42,12.82,13.54,12.75,13.85,13.25,13.97,13.18,247214,8.55
505,2022-07-26,600956,12.84,13.16,13.16,12.65,13.27,13.59,13.59,13.08,160950,5.56
506,2022-07-27,600956,13.02,13.04,13.38,12.95,13.45,13.47,13.81,13.38,197056,6.81
507,2022-07-28,600956,13.19,13.06,13.36,13.03,13.62,13.49,13.79,13.46,179094,6.19
508,2022-07-29,600956,13.15,13.2,13.44,13.06,13.58,13.63,13.87,13.49,200311,6.93
509,2022-08-01,600956,13.13,12.93,13.13,12.73,13.56,13.36,13.56,13.16,168089,5.81
510,2022-08-02,600956,12.78,11.8,12.78,11.67,13.21,12.23,13.21,12.1,255452,8.83
511,2022-08-03,600956,11.7,11.57,12.18,11.51,12.13,12.0,12.61,11.94,186057,6.43
512,2022-08-04,600956,11.69,11.6,11.9,11.44,12.12,12.03,12.33,11.87,146006,5.05
513,2022-08-05,600956,11.61,11.56,11.63,11.23,12.04,11.99,12.06,11.66,162908,5.63
514,2022-08-08,600956,11.55,11.7,11.71,11.33,11.98,12.13,12.14,11.76,102832,3.56
515,2022-08-09,600956,11.71,11.78,11.93,11.6,12.14,12.21,12.36,12.03,156677,5.42
516,2022-08-10,600956,11.8,11.5,11.81,11.48,12.23,11.93,12.24,11.91,164865,5.7
517,2022-08-11,600956,11.58,11.66,11.67,11.45,12.01,12.09,12.1,11.88,115574,4.0
518,2022-08-12,600956,11.68,11.72,11.87,11.62,12.11,12.15,12.3,12.05,157225,5.44
519,2022-08-15,600956,11.72,12.11,12.3,11.68,12.15,12.54,12.73,12.11,218850,7.57
520,2022-08-16,600956,12.15,12.21,12.24,11.99,12.58,12.64,12.67,12.42,188668,6.52
521,2022-08-17,600956,12.18,12.25,12.49,12.15,12.61,12.68,12.92,12.58,218832,7.57
522,2022-08-18,600956,12.25,12.04,12.37,12.01,12.68,12.47,12.8,12.44,154661,5.35
523,2022-08-19,600956,12.01,12.3,12.46,11.92,12.44,12.73,12.89,12.35,248398,8.59
524,2022-08-22,600956,12.33,12.27,12.5,12.17,12.76,12.7,12.93,12.6,156317,5.4
525,2022-08-23,600956,12.28,12.64,12.68,12.21,12.71,13.07,13.11,12.64,264343,9.14
526,2022-08-24,600956,12.57,11.95,12.58,11.83,13.0,12.38,13.01,12.26,263987,9.13
527,2022-08-25,600956,11.96,12.19,12.2,11.7,12.39,12.62,12.63,12.13,184011,6.36
528,2022-08-26,600956,12.06,12.05,12.35,11.97,12.49,12.48,12.78,12.4,165680,5.73
529,2022-08-29,600956,11.76,12.28,12.3,11.72,12.19,12.71,12.73,12.15,161285,5.58
530,2022-08-30,600956,12.34,11.94,12.39,11.77,12.77,12.37,12.82,12.2,181808,6.29
531,2022-08-31,600956,11.8,11.4,11.98,11.36,12.23,11.83,12.41,11.79,151411,5.23
532,2022-09-01,600956,11.4,11.32,11.56,11.32,11.83,11.75,11.99,11.75,76411,2.64
533,2022-09-02,600956,11.38,11.32,11.51,11.23,11.81,11.75,11.94,11.66,78131,2.7
534,2022-09-05,600956,11.38,11.93,11.94,11.37,11.81,12.36,12.37,11.8,225402,7.79
535,2022-09-06,600956,11.92,11.89,11.92,11.66,12.35,12.32,12.35,12.09,138320,4.78
536,2022-09-07,600956,11.87,12.01,12.09,11.73,12.3,12.44,12.52,12.16,131101,4.53
537,2022-09-08,600956,11.95,11.75,12.07,11.75,12.38,12.18,12.5,12.18,107760,3.73
538,2022-09-09,600956,11.67,11.71,11.86,11.56,12.1,12.14,12.29,11.99,75848,2.62
539,2022-09-13,600956,11.85,11.49,11.86,11.44,12.28,11.92,12.29,11.87,117382,4.06
540,2022-09-14,600956,11.35,11.37,11.59,11.27,11.78,11.8,12.02,11.7,88725,3.07
541,2022-09-15,600956,11.43,10.87,11.47,10.62,11.86,11.3,11.9,11.05,159201,5.5
542,2022-09-16,600956,10.76,10.38,10.81,10.35,11.19,10.81,11.24,10.78,96891,3.35
543,2022-09-19,600956,10.4,10.29,10.47,10.16,10.83,10.72,10.9,10.59,62880,2.17
544,2022-09-20,600956,10.4,10.51,10.65,10.36,10.83,10.94,11.08,10.79,71330,2.47
545,2022-09-21,600956,10.61,10.7,10.7,10.35,11.04,11.13,11.13,10.78,77487,2.68
546,2022-09-22,600956,10.63,10.77,10.87,10.5,11.06,11.2,11.3,10.93,78537,2.72
547,2022-09-23,600956,10.76,10.52,10.86,10.47,11.19,10.95,11.29,10.9,65348,2.26
548,2022-09-26,600956,10.39,10.18,10.5,10.16,10.82,10.61,10.93,10.59,62356,2.16
549,2022-09-27,600956,10.13,10.25,10.33,10.0,10.56,10.68,10.76,10.43,89263,3.09
550,2022-09-28,600956,10.3,10.0,10.49,10.0,10.73,10.43,10.92,10.43,90022,3.11
551,2022-09-29,600956,10.12,9.92,10.18,9.87,10.55,10.35,10.61,10.3,80064,2.77
552,2022-09-30,600956,9.86,9.84,9.99,9.83,10.29,10.27,10.42,10.26,57792,2.0
553,2022-10-10,600956,9.93,9.78,10.11,9.72,10.36,10.21,10.54,10.15,64627,2.23
554,2022-10-11,600956,9.64,9.98,10.0,9.56,10.07,10.41,10.43,9.99,84513,2.92
555,2022-10-12,600956,9.95,10.08,10.1,9.73,10.38,10.51,10.53,10.16,78889,2.73
556,2022-10-13,600956,10.01,10.17,10.25,10.0,10.44,10.6,10.68,10.43,87706,3.03
557,2022-10-14,600956,10.13,10.26,10.29,10.13,10.56,10.69,10.72,10.56,79847,2.76
558,2022-10-17,600956,10.18,10.33,10.39,10.12,10.61,10.76,10.82,10.55,75436,2.61
559,2022-10-18,600956,10.32,10.33,10.45,10.28,10.75,10.76,10.88,10.71,66442,2.3
560,2022-10-19,600956,10.31,10.27,10.49,10.26,10.74,10.7,10.92,10.69,77791,2.69
561,2022-10-20,600956,10.22,10.16,10.35,10.11,10.65,10.59,10.78,10.54,68417,2.37
562,2022-10-21,600956,10.16,10.29,10.43,10.16,10.59,10.72,10.86,10.59,70169,2.43
563,2022-10-24,600956,10.29,10.11,10.42,10.04,10.72,10.54,10.85,10.47,73700,2.55
564,2022-10-25,600956,10.01,10.11,10.22,9.93,10.44,10.54,10.65,10.36,61717,2.13
565,2022-10-26,600956,10.2,10.42,10.45,10.12,10.63,10.85,10.88,10.55,101140,3.5
566,2022-10-27,600956,10.31,10.29,10.44,10.27,10.74,10.72,10.87,10.7,70807,2.45
567,2022-10-28,600956,10.29,9.99,10.39,9.89,10.72,10.42,10.82,10.32,79158,2.74
568,2022-10-31,600956,9.9,9.89,10.03,9.77,10.33,10.32,10.46,10.2,64196,2.22
569,2022-11-01,600956,9.93,10.2,10.2,9.91,10.36,10.63,10.63,10.34,70044,2.42
570,2022-11-02,600956,10.12,10.22,10.24,10.12,10.55,10.65,10.67,10.55,67267,2.33
571,2022-11-03,600956,10.18,10.11,10.28,10.1,10.61,10.54,10.71,10.53,73154,2.53
572,2022-11-04,600956,10.16,10.38,10.38,10.14,10.59,10.81,10.81,10.57,109006,3.77
573,2022-11-07,600956,10.44,10.57,10.59,10.31,10.87,11.0,11.02,10.74,102960,3.56
574,2022-11-08,600956,10.48,10.38,10.52,10.33,10.91,10.81,10.95,10.76,82602,2.86
575,2022-11-09,600956,10.38,10.3,10.39,10.26,10.81,10.73,10.82,10.69,59638,2.06
576,2022-11-10,600956,10.25,10.29,10.38,10.17,10.68,10.72,10.81,10.6,59085,2.04
577,2022-11-11,600956,10.42,10.34,10.51,10.29,10.85,10.77,10.94,10.72,91122,3.15
578,2022-11-14,600956,10.32,10.22,10.39,10.2,10.75,10.65,10.82,10.63,92331,3.19
579,2022-11-15,600956,10.26,10.43,10.46,10.2,10.69,10.86,10.89,10.63,94386,3.26
580,2022-11-16,600956,10.45,10.55,10.77,10.42,10.88,10.98,11.2,10.85,143000,4.94
581,2022-11-17,600956,10.52,10.38,10.53,10.28,10.95,10.81,10.96,10.71,83438,2.88
582,2022-11-18,600956,10.37,10.4,10.48,10.29,10.8,10.83,10.91,10.72,74796,2.59
583,2022-11-21,600956,10.33,10.32,10.37,10.18,10.76,10.75,10.8,10.61,62484,2.16
584,2022-11-22,600956,10.31,10.28,10.47,10.25,10.74,10.71,10.9,10.68,80934,2.8
585,2022-11-23,600956,10.24,10.36,10.37,10.15,10.67,10.79,10.8,10.58,87457,3.02
586,2022-11-24,600956,10.31,10.48,10.54,10.31,10.74,10.91,10.97,10.74,102375,3.54
587,2022-11-25,600956,10.43,10.43,10.51,10.37,10.86,10.86,10.94,10.8,62281,2.15
588,2022-11-28,600956,10.35,10.59,10.6,10.21,10.78,11.02,11.03,10.64,125124,4.33
589,2022-11-29,600956,10.59,10.62,10.63,10.46,11.02,11.05,11.06,10.89,131036,4.53
590,2022-11-30,600956,10.57,10.82,11.17,10.57,11.0,11.25,11.6,11.0,251181,8.68
591,2022-12-01,600956,10.82,11.11,11.11,10.72,11.25,11.54,11.54,11.15,227593,7.87
592,2022-12-02,600956,11.0,10.91,11.07,10.87,11.43,11.34,11.5,11.3,148209,5.12
593,2022-12-05,600956,10.9,10.84,11.01,10.8,11.33,11.27,11.44,11.23,133833,4.63
594,2022-12-06,600956,10.8,10.66,10.8,10.64,11.23,11.09,11.23,11.07,110007,3.8
595,2022-12-07,600956,10.62,10.7,10.74,10.62,11.05,11.13,11.17,11.05,72283,2.5
596,2022-12-08,600956,10.67,10.59,10.75,10.56,11.1,11.02,11.18,10.99,74449,2.57
597,2022-12-09,600956,10.49,10.48,10.65,10.32,10.92,10.91,11.08,10.75,119587,4.13
598,2022-12-12,600956,10.46,10.29,10.46,10.29,10.89,10.72,10.89,10.72,65304,2.26
599,2022-12-13,600956,10.21,10.27,10.36,10.21,10.64,10.7,10.79,10.64,40549,1.4
600,2022-12-14,600956,10.27,10.17,10.32,10.16,10.7,10.6,10.75,10.59,60122,2.08
601,2022-12-15,600956,10.17,10.22,10.22,10.05,10.6,10.65,10.65,10.48,49196,1.7
602,2022-12-16,600956,10.2,10.2,10.29,10.13,10.63,10.63,10.72,10.56,46852,1.62
603,2022-12-19,600956,10.16,9.88,10.18,9.84,10.59,10.31,10.61,10.27,75155,2.6
604,2022-12-20,600956,9.88,9.93,9.97,9.82,10.31,10.36,10.4,10.25,28374,0.98
605,2022-12-21,600956,9.96,9.76,9.96,9.75,10.39,10.19,10.39,10.18,41850,1.45
606,2022-12-22,600956,9.78,9.57,9.87,9.53,10.21,10.0,10.3,9.96,45465,1.57
607,2022-12-23,600956,9.52,9.51,9.58,9.44,9.95,9.94,10.01,9.87,40025,1.38
608,2022-12-26,600956,9.51,9.62,9.64,9.5,9.94,10.05,10.07,9.93,28728,0.99
609,2022-12-27,600956,9.67,9.65,9.71,9.58,10.1,10.08,10.14,10.01,29545,1.02
610,2022-12-28,600956,9.62,9.72,9.87,9.57,10.05,10.15,10.3,10.0,58057,2.01
611,2022-12-29,600956,9.62,9.64,9.69,9.54,10.05,10.07,10.12,9.97,39014,1.35
612,2022-12-30,600956,9.65,9.64,9.77,9.64,10.08,10.07,10.2,10.07,37056,1.28
613,2023-01-03,600956,9.65,9.78,9.79,9.62,10.08,10.21,10.22,10.05,44886,1.55
614,2023-01-04,600956,9.79,9.83,9.84,9.74,10.22,10.26,10.27,10.17,35724,1.24
615,2023-01-05,600956,9.84,9.84,9.88,9.76,10.27,10.27,10.31,10.19,37154,1.28
616,2023-01-06,600956,9.87,10.0,10.08,9.84,10.3,10.43,10.51,10.27,72797,2.52
617,2023-01-09,600956,10.07,9.99,10.08,9.92,10.5,10.42,10.51,10.35,54198,1.87
618,2023-01-10,600956,10.0,9.88,10.0,9.87,10.43,10.31,10.43,10.3,36169,1.25
619,2023-01-11,600956,9.88,9.82,9.95,9.8,10.31,10.25,10.38,10.23,32643,1.13
620,2023-01-12,600956,9.82,9.84,9.9,9.79,10.25,10.27,10.33,10.22,25175,0.87
621,2023-01-13,600956,9.84,9.81,9.88,9.75,10.27,10.24,10.31,10.18,30556,1.06
622,2023-01-16,600956,9.81,9.96,9.96,9.77,10.24,10.39,10.39,10.2,41707,1.44
623,2023-01-17,600956,9.96,9.98,10.02,9.94,10.39,10.41,10.45,10.37,31814,1.1
624,2023-01-18,600956,9.98,10.0,10.06,9.98,10.41,10.43,10.49,10.41,26789,0.93
625,2023-01-19,600956,10.02,9.97,10.04,9.96,10.45,10.4,10.47,10.39,31946,1.1
626,2023-01-20,600956,9.97,10.1,10.1,9.97,10.4,10.53,10.53,10.4,43060,1.49
627,2023-01-30,600956,10.14,10.17,10.23,10.14,10.57,10.6,10.66,10.57,53574,1.85
628,2023-01-31,600956,10.17,10.27,10.27,10.11,10.6,10.7,10.7,10.54,51335,1.77
629,2023-02-01,600956,10.26,10.28,10.29,10.19,10.69,10.71,10.72,10.62,52949,1.83
630,2023-02-02,600956,10.3,10.23,10.32,10.22,10.73,10.66,10.75,10.65,41921,1.45
631,2023-02-03,600956,10.23,10.16,10.24,10.02,10.66,10.59,10.67,10.45,57289,1.98
632,2023-02-06,600956,10.19,10.22,10.27,10.1,10.62,10.65,10.7,10.53,42643,1.47
633,2023-02-07,600956,10.23,10.25,10.27,10.17,10.66,10.68,10.7,10.6,42041,1.45
634,2023-02-08,600956,10.28,10.14,10.28,10.13,10.71,10.57,10.71,10.56,32568,1.13
635,2023-02-09,600956,10.11,10.23,10.24,10.1,10.54,10.66,10.67,10.53,36859,1.27
636,2023-02-10,600956,10.25,10.29,10.3,10.17,10.68,10.72,10.73,10.6,58724,2.03
637,2023-02-13,600956,10.29,10.33,10.38,10.27,10.72,10.76,10.81,10.7,48212,1.67
638,2023-02-14,600956,10.39,10.32,10.39,10.27,10.82,10.75,10.82,10.7,40061,1.38
639,2023-02-15,600956,10.33,10.23,10.35,10.21,10.76,10.66,10.78,10.64,42069,1.45
640,2023-02-16,600956,10.22,10.03,10.28,9.92,10.65,10.46,10.71,10.35,68753,2.38
641,2023-02-17,600956,10.02,9.97,10.1,9.97,10.45,10.4,10.53,10.4,42850,1.48
642,2023-02-20,600956,10.0,10.04,10.06,9.9,10.43,10.47,10.49,10.33,42512,1.47
643,2023-02-21,600956,10.04,10.11,10.13,10.02,10.47,10.54,10.56,10.45,43094,1.49
644,2023-02-22,600956,10.11,10.1,10.15,10.04,10.54,10.53,10.58,10.47,29555,1.02
645,2023-02-23,600956,10.11,10.05,10.16,10.02,10.54,10.48,10.59,10.45,35235,1.22
646,2023-02-24,600956,10.09,9.93,10.09,9.9,10.52,10.36,10.52,10.33,63098,2.18
647,2023-02-27,600956,9.92,9.83,9.96,9.82,10.35,10.26,10.39,10.25,41996,1.45
648,2023-02-28,600956,9.84,10.01,10.02,9.84,10.27,10.44,10.45,10.27,47198,1.63
649,2023-03-01,600956,10.03,10.0,10.07,9.97,10.46,10.43,10.5,10.4,37408,1.29
650,2023-03-02,600956,10.04,9.94,10.05,9.94,10.47,10.37,10.48,10.37,34318,1.19
651,2023-03-03,600956,9.95,10.01,10.02,9.94,10.38,10.44,10.45,10.37,36739,1.27
652,2023-03-06,600956,10.01,10.04,10.07,9.97,10.44,10.47,10.5,10.4,34953,1.21
653,2023-03-07,600956,10.05,9.94,10.1,9.93,10.48,10.37,10.53,10.36,49254,1.7
654,2023-03-08,600956,9.9,9.94,9.96,9.84,10.33,10.37,10.39,10.27,32660,1.13
655,2023-03-09,600956,9.97,9.9,9.98,9.88,10.4,10.33,10.41,10.31,28924,1.0
656,2023-03-10,600956,9.89,9.79,9.89,9.72,10.32,10.22,10.32,10.15,46160,1.6
657,2023-03-13,600956,9.79,9.67,9.81,9.62,10.22,10.1,10.24,10.05,51603,1.78
658,2023-03-14,600956,9.64,9.53,9.75,9.45,10.07,9.96,10.18,9.88,51602,1.78
659,2023-03-15,600956,9.55,9.66,9.68,9.55,9.98,10.09,10.11,9.98,33483,1.16
660,2023-03-16,600956,9.56,9.45,9.64,9.43,9.99,9.88,10.07,9.86,51599,1.78
661,2023-03-17,600956,9.48,9.5,9.61,9.45,9.91,9.93,10.04,9.88,36524,1.26
662,2023-03-20,600956,9.46,9.36,9.53,9.36,9.89,9.79,9.96,9.79,50791,1.76
663,2023-03-21,600956,9.37,9.46,9.46,9.37,9.8,9.89,9.89,9.8,31303,1.08
664,2023-03-22,600956,9.5,9.5,9.55,9.46,9.93,9.93,9.98,9.89,32583,1.13
665,2023-03-23,600956,9.48,9.43,9.54,9.39,9.91,9.86,9.97,9.82,41905,1.45
666,2023-03-24,600956,9.43,9.51,9.51,9.42,9.86,9.94,9.94,9.85,40458,1.4
667,2023-03-27,600956,9.51,9.57,9.69,9.51,9.94,10.0,10.12,9.94,57807,2.0
668,2023-03-28,600956,9.57,9.53,9.6,9.5,10.0,9.96,10.03,9.93,35931,1.24
669,2023-03-29,600956,9.51,9.42,9.54,9.41,9.94,9.85,9.97,9.84,30844,1.07
670,2023-03-30,600956,9.42,9.33,9.43,9.31,9.85,9.76,9.86,9.74,36126,1.25
671,2023-03-31,600956,9.31,9.35,9.41,9.31,9.74,9.78,9.84,9.74,30127,1.04
672,2023-04-03,600956,9.35,9.37,9.38,9.31,9.78,9.8,9.81,9.74,51447,1.78
673,2023-04-04,600956,9.36,9.28,9.37,9.23,9.79,9.71,9.8,9.66,62624,2.17
674,2023-04-06,600956,9.29,9.17,9.29,9.16,9.72,9.6,9.72,9.59,37290,1.29
675,2023-04-07,600956,9.14,9.17,9.21,9.14,9.57,9.6,9.64,9.57,27259,0.94
676,2023-04-10,600956,9.2,9.18,9.2,9.15,9.63,9.61,9.63,9.58,29320,1.01
677,2023-04-11,600956,9.2,9.11,9.2,9.1,9.63,9.54,9.63,9.53,35416,1.22
678,2023-04-12,600956,9.14,9.15,9.2,9.11,9.57,9.58,9.63,9.54,27805,0.96
679,2023-04-13,600956,9.19,9.29,9.36,9.17,9.62,9.72,9.79,9.6,73043,2.53
680,2023-04-14,600956,9.27,9.26,9.29,9.21,9.7,9.69,9.72,9.64,31683,1.1
681,2023-04-17,600956,9.26,9.41,9.43,9.23,9.69,9.84,9.86,9.66,52479,1.81
682,2023-04-18,600956,9.4,9.34,9.44,9.33,9.83,9.77,9.87,9.76,32160,1.11
683,2023-04-19,600956,9.35,9.19,9.37,9.19,9.78,9.62,9.8,9.62,39937,1.38
684,2023-04-20,600956,9.21,9.11,9.22,9.08,9.64,9.54,9.65,9.51,35910,1.24
685,2023-04-21,600956,9.13,9.0,9.14,9.0,9.56,9.43,9.57,9.43,38491,1.33
686,2023-04-24,600956,9.01,8.86,9.05,8.8,9.44,9.29,9.48,9.23,44346,1.53
687,2023-04-25,600956,8.96,8.67,8.97,8.6,9.39,9.1,9.4,9.03,52477,1.81
688,2023-04-26,600956,8.67,8.95,8.98,8.64,9.1,9.38,9.41,9.07,45507,1.57
689,2023-04-27,600956,9.01,9.03,9.09,8.9,9.44,9.46,9.52,9.33,40581,1.4
690,2023-04-28,600956,9.03,9.1,9.11,9.0,9.46,9.53,9.54,9.43,29897,1.03
691,2023-05-04,600956,8.83,9.1,9.13,8.8,9.26,9.53,9.56,9.23,40717,1.41
692,2023-05-05,600956,9.09,8.99,9.1,8.88,9.52,9.42,9.53,9.31,36961,1.28
693,2023-05-08,600956,9.02,9.14,9.18,9.02,9.45,9.57,9.61,9.45,37659,1.3
694,2023-05-09,600956,9.11,9.11,9.21,9.1,9.54,9.54,9.64,9.53,39030,1.35
695,2023-05-10,600956,9.07,9.19,9.2,9.03,9.5,9.62,9.63,9.46,35516,1.23
696,2023-05-11,600956,9.18,9.28,9.33,9.16,9.61,9.71,9.76,9.59,45075,1.56
697,2023-05-12,600956,9.25,9.29,9.35,9.23,9.68,9.72,9.78,9.66,36258,1.25
698,2023-05-15,600956,9.26,9.46,9.46,9.26,9.69,9.89,9.89,9.69,68758,2.38
699,2023-05-16,600956,9.45,9.39,9.5,9.37,9.88,9.82,9.93,9.8,56639,1.96
700,2023-05-17,600956,9.39,9.43,9.47,9.35,9.82,9.86,9.9,9.78,42735,1.48
701,2023-05-18,600956,9.48,9.43,9.51,9.4,9.91,9.86,9.94,9.83,42688,1.48
702,2023-05-19,600956,9.41,9.33,9.44,9.32,9.84,9.76,9.87,9.75,39019,1.35
703,2023-05-22,600956,9.32,9.58,9.63,9.3,9.75,10.01,10.06,9.73,71775,2.48
704,2023-05-23,600956,9.58,9.41,9.6,9.4,10.01,9.84,10.03,9.83,36975,1.28
705,2023-05-24,600956,9.38,9.32,9.49,9.31,9.81,9.75,9.92,9.74,35782,1.24
706,2023-05-25,600956,9.37,9.48,9.55,9.29,9.8,9.91,9.98,9.72,54377,1.88
707,2023-05-26,600956,9.48,9.36,9.48,9.23,9.91,9.79,9.91,9.66,44983,1.56
708,2023-05-29,600956,9.35,9.32,9.44,9.29,9.78,9.75,9.87,9.72,32508,1.12
709,2023-05-30,600956,9.32,9.35,9.53,9.26,9.75,9.78,9.96,9.69,43300,1.5
710,2023-05-31,600956,9.3,9.07,9.35,9.07,9.73,9.5,9.78,9.5,50581,1.75
711,2023-06-01,600956,9.1,8.83,9.1,8.81,9.53,9.26,9.53,9.24,71048,2.46
712,2023-06-02,600956,8.91,8.95,8.96,8.81,9.34,9.38,9.39,9.24,40250,1.39
713,2023-06-05,600956,8.95,8.89,8.99,8.87,9.38,9.32,9.42,9.3,29141,1.01
714,2023-06-06,600956,8.85,8.7,8.86,8.7,9.28,9.13,9.29,9.13,43753,1.51
715,2023-06-07,600956,8.78,8.67,8.78,8.6,9.21,9.1,9.21,9.03,30333,1.05
716,2023-06-08,600956,8.69,8.64,8.69,8.6,9.12,9.07,9.12,9.03,27424,0.95
717,2023-06-09,600956,8.62,8.58,8.65,8.5,9.05,9.01,9.08,8.93,41490,1.43
718,2023-06-12,600956,8.59,8.62,8.63,8.5,9.02,9.05,9.06,8.93,37110,1.28
719,2023-06-13,600956,8.59,8.67,8.69,8.57,9.02,9.1,9.12,9.0,35705,1.23
720,2023-06-14,600956,8.68,8.61,8.72,8.6,9.11,9.04,9.15,9.03,31476,1.09
721,2023-06-15,600956,8.61,8.72,8.73,8.59,9.04,9.15,9.16,9.02,34933,1.21
722,2023-06-16,600956,8.73,8.85,8.87,8.73,9.16,9.28,9.3,9.16,45325,1.57
723,2023-06-19,600956,8.7,8.61,8.7,8.58,9.32,9.23,9.32,9.2,32886,1.14
724,2023-06-20,600956,8.54,8.43,8.6,8.43,9.16,9.05,9.22,9.05,38593,1.33
725,2023-06-21,600956,8.4,8.38,8.52,8.36,9.02,9.0,9.14,8.98,34893,1.21
726,2023-06-26,600956,8.29,8.58,8.58,8.23,8.91,9.2,9.2,8.85,68902,2.38
727,2023-06-27,600956,8.6,8.56,8.61,8.47,9.22,9.18,9.23,9.09,46798,1.62
728,2023-06-28,600956,8.54,8.82,8.98,8.54,9.16,9.44,9.6,9.16,124841,4.32
729,2023-06-29,600956,8.69,8.74,8.81,8.62,9.31,9.36,9.43,9.24,63802,0.29
730,2023-06-30,600956,8.73,8.72,8.78,8.65,9.35,9.34,9.4,9.27,54553,0.25
731,2023-07-03,600956,8.73,8.83,8.9,8.73,9.35,9.45,9.52,9.35,52852,0.24
732,2023-07-04,600956,8.81,8.8,8.85,8.78,9.43,9.42,9.47,9.4,35752,0.17
733,2023-07-05,600956,8.81,8.82,8.88,8.79,9.43,9.44,9.5,9.41,31743,0.15
734,2023-07-06,600956,8.81,8.8,8.88,8.75,9.43,9.42,9.5,9.37,31369,0.14
735,2023-07-07,600956,8.79,8.8,8.88,8.71,9.41,9.42,9.5,9.33,33959,0.16
736,2023-07-10,600956,8.84,8.9,8.99,8.84,9.46,9.52,9.61,9.46,55998,0.26
737,2023-07-11,600956,8.9,8.93,8.94,8.82,9.52,9.55,9.56,9.44,44834,0.21
738,2023-07-12,600956,8.93,8.92,8.98,8.88,9.55,9.54,9.6,9.5,28136,0.13
739,2023-07-13,600956,8.92,9.0,9.06,8.9,9.54,9.62,9.68,9.52,45189,0.21
740,2023-07-14,600956,8.96,8.79,9.03,8.78,9.58,9.41,9.65,9.4,47392,0.22
741,2023-07-17,600956,8.74,8.79,8.82,8.71,9.36,9.41,9.44,9.33,27608,0.13
742,2023-07-18,600956,8.77,8.8,8.85,8.72,9.39,9.42,9.47,9.34,24397,0.11
743,2023-07-19,600956,8.76,8.85,8.86,8.76,9.38,9.47,9.48,9.38,21414,0.1
744,2023-07-20,600956,8.84,8.69,8.85,8.68,9.46,9.31,9.47,9.3,24925,0.12
745,2023-07-21,600956,8.71,8.68,8.75,8.64,9.33,9.3,9.37,9.26,21574,0.1
746,2023-07-24,600956,8.7,8.78,8.84,8.62,9.32,9.4,9.46,9.24,32720,0.15
747,2023-07-25,600956,8.78,8.83,8.85,8.77,9.4,9.45,9.47,9.39,24997,0.12
748,2023-07-26,600956,8.83,8.88,8.88,8.78,9.45,9.5,9.5,9.4,25296,0.12
749,2023-07-27,600956,8.89,8.85,8.94,8.82,9.51,9.47,9.56,9.44,28132,0.13
750,2023-07-28,600956,8.84,8.9,8.92,8.79,9.46,9.52,9.54,9.41,28531,0.13
751,2023-07-31,600956,8.91,8.96,8.98,8.88,9.53,9.58,9.6,9.5,33599,0.16
752,2023-08-01,600956,8.98,9.01,9.04,8.92,9.6,9.63,9.66,9.54,39015,0.18
753,2023-08-02,600956,9.0,8.96,9.05,8.94,9.62,9.58,9.67,9.56,28855,0.13
754,2023-08-03,600956,8.96,8.96,9.0,8.92,9.58,9.58,9.62,9.54,23014,0.11
755,2023-08-04,600956,9.0,8.91,9.04,8.9,9.62,9.53,9.66,9.52,30492,0.14
756,2023-08-07,600956,8.92,8.86,8.96,8.84,9.54,9.48,9.58,9.46,28160,0.13
757,2023-08-08,600956,8.87,8.85,8.93,8.81,9.49,9.47,9.55,9.43,19333,0.09
758,2023-08-09,600956,8.85,8.74,8.86,8.69,9.47,9.36,9.48,9.31,37103,0.17
759,2023-08-10,600956,8.79,9.0,9.01,8.77,9.41,9.62,9.63,9.39,83146,0.38
760,2023-08-11,600956,9.02,8.66,9.02,8.66,9.64,9.28,9.64,9.28,81029,0.37
761,2023-08-14,600956,8.62,8.59,8.66,8.51,9.24,9.21,9.28,9.13,31054,0.14
762,2023-08-15,600956,8.61,8.55,8.65,8.52,9.23,9.17,9.27,9.14,27532,0.13
763,2023-08-16,600956,8.55,8.53,8.59,8.51,9.17,9.15,9.21,9.13,18600,0.09
764,2023-08-17,600956,8.55,8.52,8.58,8.4,9.17,9.14,9.2,9.02,28450,0.13
765,2023-08-18,600956,8.57,8.56,8.68,8.51,9.19,9.18,9.3,9.13,36563,0.17
766,2023-08-21,600956,8.55,8.5,8.64,8.47,9.17,9.12,9.26,9.09,26630,0.12
767,2023-08-22,600956,8.48,8.39,8.59,8.3,9.1,9.01,9.21,8.92,37705,0.17
768,2023-08-23,600956,8.46,8.35,8.48,8.34,9.08,8.97,9.1,8.96,28716,0.13
769,2023-08-24,600956,8.36,8.31,8.41,8.21,8.98,8.93,9.03,8.83,30213,0.14
770,2023-08-25,600956,8.32,8.38,8.48,8.23,8.94,9.0,9.1,8.85,31415,0.15
771,2023-08-28,600956,8.64,8.46,8.71,8.45,9.26,9.08,9.33,9.07,48006,0.22
772,2023-08-29,600956,8.45,8.48,8.5,8.39,9.07,9.1,9.12,9.01,49687,0.23
773,2023-08-30,600956,8.47,8.34,8.51,8.33,9.09,8.96,9.13,8.95,53449,0.25
774,2023-08-31,600956,8.32,8.24,8.43,8.23,8.94,8.86,9.05,8.85,47880,0.22
775,2023-09-01,600956,8.22,8.24,8.38,8.22,8.84,8.86,9.0,8.84,29645,0.14
776,2023-09-04,600956,8.27,8.4,8.41,8.21,8.89,9.02,9.03,8.83,58947,0.27
777,2023-09-05,600956,8.39,8.51,8.54,8.37,9.01,9.13,9.16,8.99,48683,0.22
778,2023-09-06,600956,8.52,8.5,8.58,8.43,9.14,9.12,9.2,9.05,35763,0.17
779,2023-09-07,600956,8.49,8.36,8.5,8.36,9.11,8.98,9.12,8.98,31313,0.14
780,2023-09-08,600956,8.37,8.44,8.49,8.32,8.99,9.06,9.11,8.94,31366,0.14
781,2023-09-11,600956,8.55,8.45,8.55,8.4,9.17,9.07,9.17,9.02,33961,0.16
782,2023-09-12,600956,8.44,8.38,8.46,8.37,9.06,9.0,9.08,8.99,22586,0.1
783,2023-09-13,600956,8.38,8.37,8.46,8.35,9.0,8.99,9.08,8.97,24128,0.11
784,2023-09-14,600956,8.39,8.39,8.43,8.34,9.01,9.01,9.05,8.96,35196,0.16
785,2023-09-15,600956,8.43,8.35,8.46,8.32,9.05,8.97,9.08,8.94,32151,0.15
786,2023-09-18,600956,8.3,8.34,8.37,8.25,8.92,8.96,8.99,8.87,23925,0.11
787,2023-09-19,600956,8.33,8.34,8.37,8.3,8.95,8.96,8.99,8.92,19698,0.09
788,2023-09-20,600956,8.32,8.34,8.4,8.32,8.94,8.96,9.02,8.94,21582,0.1
789,2023-09-21,600956,8.32,8.25,8.41,8.25,8.94,8.87,9.03,8.87,29920,0.14
790,2023-09-22,600956,8.22,8.24,8.32,8.18,8.84,8.86,8.94,8.8,44237,0.2
791,2023-09-25,600956,8.24,8.2,8.25,8.18,8.86,8.82,8.87,8.8,30451,0.14
792,2023-09-26,600956,8.18,8.17,8.23,8.16,8.8,8.79,8.85,8.78,19555,0.09
793,2023-09-27,600956,8.18,8.12,8.2,8.12,8.8,8.74,8.82,8.74,29793,0.14
794,2023-09-28,600956,8.16,8.21,8.24,8.13,8.78,8.83,8.86,8.75,31863,0.15
795,2023-10-09,600956,8.21,8.4,8.46,8.15,8.83,9.02,9.08,8.77,85326,0.39
796,2023-10-10,600956,8.33,8.43,8.46,8.33,8.95,9.05,9.08,8.95,70787,0.33
797,2023-10-11,600956,8.42,8.23,8.42,8.22,9.04,8.85,9.04,8.84,56443,0.26
798,2023-10-12,600956,8.23,8.29,8.3,8.2,8.85,8.91,8.92,8.82,34174,0.16
799,2023-10-13,600956,8.28,8.28,8.29,8.19,8.9,8.9,8.91,8.81,31608,0.15
800,2023-10-16,600956,8.28,8.39,8.4,8.25,8.9,9.01,9.02,8.87,44045,0.2
801,2023-10-17,600956,8.36,8.41,8.45,8.33,8.98,9.03,9.07,8.95,34719,0.16
802,2023-10-18,600956,8.46,8.29,8.46,8.27,9.08,8.91,9.08,8.89,25813,0.12
803,2023-10-19,600956,8.3,8.14,8.36,8.13,8.92,8.76,8.98,8.75,39413,0.18
804,2023-10-20,600956,8.12,8.16,8.22,8.1,8.74,8.78,8.84,8.72,20877,0.1
805,2023-10-23,600956,8.16,7.8,8.17,7.8,8.78,8.42,8.79,8.42,50863,0.23
806,2023-10-24,600956,7.84,7.99,8.03,7.76,8.46,8.61,8.65,8.38,33058,0.15
807,2023-10-25,600956,8.11,8.17,8.2,8.03,8.73,8.79,8.82,8.65,34221,0.16
808,2023-10-26,600956,8.13,8.18,8.2,8.1,8.75,8.8,8.82,8.72,23836,0.11
809,2023-10-27,600956,8.18,8.27,8.33,8.16,8.8,8.89,8.95,8.78,38680,0.18
810,2023-10-30,600956,8.27,8.29,8.33,8.22,8.89,8.91,8.95,8.84,30758,0.14
811,2023-10-31,600956,8.34,8.26,8.34,8.23,8.96,8.88,8.96,8.85,18876,0.09
812,2023-11-01,600956,8.29,8.28,8.33,8.25,8.91,8.9,8.95,8.87,30024,0.14
813,2023-11-02,600956,8.32,8.32,8.36,8.27,8.94,8.94,8.98,8.89,33287,0.15
814,2023-11-03,600956,8.28,8.27,8.34,8.26,8.9,8.89,8.96,8.88,25779,0.12
815,2023-11-06,600956,8.28,8.26,8.33,8.25,8.9,8.88,8.95,8.87,39056,0.18
816,2023-11-07,600956,8.26,8.24,8.28,8.21,8.88,8.86,8.9,8.83,23273,0.11
817,2023-11-08,600956,8.23,8.06,8.26,8.03,8.85,8.68,8.88,8.65,81435,0.38
818,2023-11-09,600956,8.05,7.98,8.07,7.98,8.67,8.6,8.69,8.6,41166,0.19
819,2023-11-10,600956,7.99,8.0,8.08,7.92,8.61,8.62,8.7,8.54,43664,0.2
820,2023-11-13,600956,8.0,7.94,8.05,7.91,8.62,8.56,8.67,8.53,58721,0.27
821,2023-11-14,600956,7.93,7.96,7.97,7.92,8.55,8.58,8.59,8.54,32205,0.15
822,2023-11-15,600956,7.98,8.08,8.09,7.98,8.6,8.7,8.71,8.6,52842,0.24
823,2023-11-16,600956,8.08,7.92,8.08,7.92,8.7,8.54,8.7,8.54,39597,0.18
824,2023-11-17,600956,7.93,7.9,7.95,7.86,8.55,8.52,8.57,8.48,27557,0.13
825,2023-11-20,600956,7.88,7.93,7.97,7.88,8.5,8.55,8.59,8.5,31011,0.14
826,2023-11-21,600956,7.91,7.93,7.97,7.91,8.53,8.55,8.59,8.53,27495,0.13
827,2023-11-22,600956,7.94,7.86,7.94,7.86,8.56,8.48,8.56,8.48,24724,0.11
828,2023-11-23,600956,7.86,7.87,7.88,7.82,8.48,8.49,8.5,8.44,24944,0.12
829,2023-11-24,600956,7.87,7.84,7.9,7.82,8.49,8.46,8.52,8.44,23588,0.11
830,2023-11-27,600956,7.86,7.93,7.95,7.77,8.48,8.55,8.57,8.39,40230,0.19
831,2023-11-28,600956,7.91,7.89,7.91,7.81,8.53,8.51,8.53,8.43,24437,0.11
832,2023-11-29,600956,7.89,7.82,7.9,7.81,8.51,8.44,8.52,8.43,18162,0.08
833,2023-11-30,600956,7.82,7.84,7.89,7.8,8.44,8.46,8.51,8.42,21874,0.1
834,2023-12-01,600956,7.86,7.84,7.91,7.82,8.48,8.46,8.53,8.44,25623,0.12
835,2023-12-04,600956,7.83,7.9,7.93,7.81,8.45,8.52,8.55,8.43,36567,0.17
836,2023-12-05,600956,7.9,7.82,7.95,7.8,8.52,8.44,8.57,8.42,26828,0.12
837,2023-12-06,600956,7.85,7.8,7.85,7.77,8.47,8.42,8.47,8.39,21556,0.1
838,2023-12-07,600956,7.79,7.75,7.8,7.67,8.41,8.37,8.42,8.29,35376,0.16
839,2023-12-08,600956,7.83,8.53,8.53,7.79,8.45,9.15,9.15,8.41,282134,1.3
840,2023-12-11,600956,8.68,8.46,8.69,8.33,9.3,9.08,9.31,8.95,284606,1.31
841,2023-12-12,600956,8.38,8.37,8.57,8.35,9.0,8.99,9.19,8.97,136219,0.63
842,2023-12-13,600956,8.38,8.38,8.52,8.34,9.0,9.0,9.14,8.96,133494,0.62
843,2023-12-14,600956,8.38,8.45,8.52,8.34,9.0,9.07,9.14,8.96,108792,0.5
844,2023-12-15,600956,8.45,8.3,8.5,8.27,9.07,8.92,9.12,8.89,94754,0.44
845,2023-12-18,600956,8.22,8.11,8.26,8.06,8.84,8.73,8.88,8.68,78326,0.36
846,2023-12-19,600956,8.15,8.01,8.16,7.93,8.77,8.63,8.78,8.55,57343,0.26
847,2023-12-20,600956,8.05,8.01,8.11,7.98,8.67,8.63,8.73,8.6,48930,0.23
848,2023-12-21,600956,8.0,8.02,8.06,7.85,8.62,8.64,8.68,8.47,45941,0.21
849,2023-12-22,600956,8.02,7.99,8.08,7.92,8.64,8.61,8.7,8.54,60204,0.28
850,2023-12-25,600956,8.02,7.92,8.03,7.85,8.64,8.54,8.65,8.47,44485,0.21
851,2023-12-26,600956,7.96,7.99,8.1,7.93,8.58,8.61,8.72,8.55,56945,0.26
852,2023-12-27,600956,7.98,8.02,8.05,7.88,8.6,8.64,8.67,8.5,42494,0.2
853,2023-12-28,600956,8.02,8.17,8.2,8.0,8.64,8.79,8.82,8.62,81606,0.38
854,2023-12-29,600956,8.16,8.13,8.18,8.02,8.78,8.75,8.8,8.64,85957,0.4
855,2024-01-02,600956,8.14,8.25,8.33,8.11,8.76,8.87,8.95,8.73,77422,0.36
856,2024-01-03,600956,8.26,8.31,8.31,8.21,8.88,8.93,8.93,8.83,58094,0.27
857,2024-01-04,600956,8.28,8.36,8.42,8.26,8.9,8.98,9.04,8.88,58481,0.27
858,2024-01-05,600956,8.4,8.23,8.41,8.19,9.02,8.85,9.03,8.81,52354,0.24
859,2024-01-08,600956,8.25,8.12,8.26,8.11,8.87,8.74,8.88,8.73,37129,0.17
860,2024-01-09,600956,8.16,8.21,8.28,8.06,8.78,8.83,8.9,8.68,39019,0.18
861,2024-01-10,600956,8.24,8.2,8.31,8.15,8.86,8.82,8.93,8.77,30472,0.14
862,2024-01-11,600956,8.21,8.2,8.28,8.16,8.83,8.82,8.9,8.78,38888,0.18
863,2024-01-12,600956,8.16,8.26,8.32,8.16,8.78,8.88,8.94,8.78,38134,0.18
864,2024-01-15,600956,8.26,8.29,8.31,8.23,8.88,8.91,8.93,8.85,35822,0.17
865,2024-01-16,600956,8.29,8.21,8.29,8.12,8.91,8.83,8.91,8.74,31255,0.14
866,2024-01-17,600956,8.23,8.04,8.29,8.04,8.85,8.66,8.91,8.66,32458,0.15
867,2024-01-18,600956,8.0,7.83,8.02,7.61,8.62,8.45,8.64,8.23,79913,0.37
868,2024-01-19,600956,7.88,7.8,7.88,7.77,8.5,8.42,8.5,8.39,37872,0.17
869,2024-01-22,600956,7.8,7.41,7.82,7.33,8.42,8.03,8.44,7.95,97726,0.45
870,2024-01-23,600956,7.46,7.54,7.6,7.29,8.08,8.16,8.22,7.91,62775,0.29
871,2024-01-24,600956,7.58,7.64,7.64,7.36,8.2,8.26,8.26,7.98,45883,0.21
872,2024-01-25,600956,7.72,7.95,7.95,7.64,8.34,8.57,8.57,8.26,62520,0.29
873,2024-01-26,600956,7.97,8.03,8.07,7.94,8.59,8.65,8.69,8.56,47117,0.22
874,2024-01-29,600956,8.1,7.84,8.11,7.8,8.72,8.46,8.73,8.42,51234,0.24
875,2024-01-30,600956,7.82,7.7,7.96,7.68,8.44,8.32,8.58,8.3,48393,0.22
876,2024-01-31,600956,7.7,7.61,7.8,7.55,8.32,8.23,8.42,8.17,43943,0.2
877,2024-02-01,600956,7.58,7.56,7.7,7.49,8.2,8.18,8.32,8.11,62889,0.29
878,2024-02-02,600956,7.64,7.4,7.73,7.22,8.26,8.02,8.35,7.84,63336,0.29
879,2024-02-05,600956,7.42,7.1,7.43,6.88,8.04,7.72,8.05,7.5,75608,0.35
880,2024-02-06,600956,7.15,7.61,7.61,6.99,7.77,8.23,8.23,7.61,79386,0.37
881,2024-02-07,600956,7.49,8.07,8.08,7.49,8.11,8.69,8.7,8.11,129509,0.6
882,2024-02-08,600956,8.06,8.05,8.32,8.01,8.68,8.67,8.94,8.63,123184,0.57
883,2024-02-19,600956,8.23,8.04,8.25,7.89,8.85,8.66,8.87,8.51,83578,0.39
884,2024-02-20,600956,8.07,8.09,8.14,7.91,8.69,8.71,8.76,8.53,44136,0.2
885,2024-02-21,600956,8.12,8.11,8.25,8.04,8.74,8.73,8.87,8.66,56927,0.26
886,2024-02-22,600956,8.13,8.17,8.26,8.08,8.75,8.79,8.88,8.7,45236,0.21
887,2024-02-23,600956,8.25,8.2,8.25,8.04,8.87,8.82,8.87,8.66,46426,0.21
888,2024-02-26,600956,8.2,8.19,8.27,8.15,8.82,8.81,8.89,8.77,60271,0.28
889,2024-02-27,600956,8.18,8.17,8.24,8.09,8.8,8.79,8.86,8.71,84174,0.39
890,2024-02-28,600956,8.18,8.11,8.26,8.1,8.8,8.73,8.88,8.72,81443,0.38
891,2024-02-29,600956,8.05,8.28,8.28,8.03,8.67,8.9,8.9,8.65,78419,0.36
892,2024-03-01,600956,8.35,8.29,8.53,8.22,8.97,8.91,9.15,8.84,82596,0.38
893,2024-03-04,600956,8.29,8.19,8.3,8.08,8.91,8.81,8.92,8.7,62748,0.29
894,2024-03-05,600956,8.18,8.24,8.25,8.12,8.8,8.86,8.87,8.74,50267,0.23
895,2024-03-06,600956,8.22,8.26,8.35,8.2,8.84,8.88,8.97,8.82,51835,0.24
896,2024-03-07,600956,8.26,8.21,8.3,8.21,8.88,8.83,8.92,8.83,39777,0.18
897,2024-03-08,600956,8.25,8.29,8.31,8.21,8.87,8.91,8.93,8.83,38369,0.18
898,2024-03-11,600956,8.3,8.48,8.48,8.28,8.92,9.1,9.1,8.9,72620,0.34
899,2024-03-12,600956,8.49,8.31,8.51,8.27,9.11,8.93,9.13,8.89,59435,0.27
900,2024-03-13,600956,8.3,8.18,8.3,8.15,8.92,8.8,8.92,8.77,55394,0.26
901,2024-03-14,600956,8.2,8.15,8.24,8.12,8.82,8.77,8.86,8.74,33805,0.16
902,2024-03-15,600956,8.18,8.24,8.24,8.11,8.8,8.86,8.86,8.73,29210,0.13
903,2024-03-18,600956,8.24,8.22,8.28,8.13,8.86,8.84,8.9,8.75,50254,0.23
904,2024-03-19,600956,8.24,8.17,8.24,8.16,8.86,8.79,8.86,8.78,35788,0.17
905,2024-03-20,600956,8.19,8.15,8.2,8.14,8.81,8.77,8.82,8.76,33362,0.15
906,2024-03-21,600956,8.15,8.07,8.17,8.06,8.77,8.69,8.79,8.68,48114,0.22
907,2024-03-22,600956,8.08,7.9,8.1,7.89,8.7,8.52,8.72,8.51,46514,0.21
908,2024-03-25,600956,7.94,7.99,8.07,7.89,8.56,8.61,8.69,8.51,49772,0.23
909,2024-03-26,600956,7.99,8.02,8.04,7.88,8.61,8.64,8.66,8.5,42841,0.2
910,2024-03-27,600956,8.15,8.26,8.38,8.14,8.77,8.88,9.0,8.76,161504,0.75
911,2024-03-28,600956,8.26,7.99,8.3,7.97,8.88,8.61,8.92,8.59,125394,0.58
912,2024-03-29,600956,7.94,8.14,8.15,7.9,8.56,8.76,8.77,8.52,81480,0.38
913,2024-04-01,600956,8.17,8.37,8.39,8.15,8.79,8.99,9.01,8.77,107542,0.5
914,2024-04-02,600956,8.37,8.45,8.47,8.31,8.99,9.07,9.09,8.93,110744,0.51
915,2024-04-03,600956,8.5,8.71,8.72,8.46,9.12,9.33,9.34,9.08,121806,0.56
916,2024-04-08,600956,8.78,8.76,8.88,8.72,9.4,9.38,9.5,9.34,131394,0.61
917,2024-04-09,600956,8.8,8.69,8.84,8.65,9.42,9.31,9.46,9.27,74762,0.35
918,2024-04-10,600956,8.69,8.78,8.84,8.69,9.31,9.4,9.46,9.31,75782,0.35
919,2024-04-11,600956,8.7,8.91,8.99,8.69,9.32,9.53,9.61,9.31,81980,0.38
920,2024-04-12,600956,8.87,8.81,8.93,8.77,9.49,9.43,9.55,9.39,62919,0.29
921,2024-04-15,600956,8.8,8.98,9.04,8.72,9.42,9.6,9.66,9.34,102037,0.47
922,2024-04-16,600956,8.9,8.76,9.09,8.73,9.52,9.38,9.71,9.35,109348,0.5
923,2024-04-17,600956,8.68,8.91,8.95,8.68,9.3,9.53,9.57,9.3,73011,0.34
924,2024-04-18,600956,8.89,8.82,8.98,8.77,9.51,9.44,9.6,9.39,63748,0.29
925,2024-04-19,600956,8.71,8.91,9.02,8.71,9.33,9.53,9.64,9.33,63330,0.29
926,2024-04-22,600956,8.8,8.76,8.94,8.75,9.42,9.38,9.56,9.37,55199,0.25
927,2024-04-23,600956,8.78,8.63,8.82,8.58,9.4,9.25,9.44,9.2,64476,0.3
928,2024-04-24,600956,8.57,8.7,8.74,8.54,9.19,9.32,9.36,9.16,56815,0.26
929,2024-04-25,600956,8.59,8.71,8.79,8.59,9.21,9.33,9.41,9.21,40559,0.19
930,2024-04-26,600956,8.43,8.66,8.68,8.43,9.05,9.28,9.3,9.05,86077,0.4
931,2024-04-29,600956,8.62,8.62,8.67,8.53,9.24,9.24,9.29,9.15,66937,0.31
932,2024-04-30,600956,8.62,8.62,8.75,8.6,9.24,9.24,9.37,9.22,59722,0.28
933,2024-05-06,600956,8.69,8.86,8.89,8.65,9.31,9.48,9.51,9.27,99141,0.46
934,2024-05-07,600956,8.85,8.87,8.9,8.79,9.47,9.49,9.52,9.41,59807,0.28
935,2024-05-08,600956,8.85,8.78,8.96,8.78,9.47,9.4,9.58,9.4,54119,0.25
936,2024-05-09,600956,8.78,8.99,9.0,8.77,9.4,9.61,9.62,9.39,79303,0.37
937,2024-05-10,600956,9.03,9.14,9.16,8.95,9.65,9.76,9.78,9.57,89614,0.41
938,2024-05-13,600956,9.19,9.11,9.19,9.01,9.81,9.73,9.81,9.63,86326,0.4
939,2024-05-14,600956,9.12,9.05,9.16,9.03,9.74,9.67,9.78,9.65,71813,0.33
940,2024-05-15,600956,9.1,9.05,9.21,9.03,9.72,9.67,9.83,9.65,90857,0.42
941,2024-05-16,600956,9.0,8.77,9.06,8.71,9.62,9.39,9.68,9.33,96886,0.45
942,2024-05-17,600956,8.76,8.92,8.94,8.74,9.38,9.54,9.56,9.36,57956,0.27
943,2024-05-20,600956,9.02,9.12,9.17,8.94,9.64,9.74,9.79,9.56,79411,0.37
944,2024-05-21,600956,9.12,9.0,9.15,8.94,9.74,9.62,9.77,9.56,47533,0.22
945,2024-05-22,600956,9.01,9.02,9.08,8.98,9.63,9.64,9.7,9.6,44783,0.21
946,2024-05-23,600956,8.99,8.74,8.99,8.73,9.61,9.36,9.61,9.35,54266,0.25
947,2024-05-24,600956,8.75,8.97,9.13,8.75,9.37,9.59,9.75,9.37,84148,0.39
948,2024-05-27,600956,8.91,9.2,9.28,8.91,9.53,9.82,9.9,9.53,134033,0.62
949,2024-05-28,600956,9.18,9.19,9.24,9.1,9.8,9.81,9.86,9.72,103479,0.48
950,2024-05-29,600956,9.15,9.28,9.36,9.08,9.77,9.9,9.98,9.7,101034,0.47
951,2024-05-30,600956,9.29,9.12,9.34,9.06,9.91,9.74,9.96,9.68,108227,0.5
952,2024-05-31,600956,9.17,9.15,9.18,9.1,9.79,9.77,9.8,9.72,61870,0.29
953,2024-06-03,600956,9.25,9.07,9.33,8.93,9.87,9.69,9.95,9.55,109823,0.51
954,2024-06-04,600956,9.12,9.25,9.27,9.05,9.74,9.87,9.89,9.67,89706,0.41
955,2024-06-05,600956,9.35,9.17,9.39,9.16,9.97,9.79,10.01,9.78,80936,0.37
956,2024-06-06,600956,9.27,9.14,9.27,9.07,9.89,9.76,9.89,9.69,102467,0.47
957,2024-06-07,600956,9.17,9.25,9.28,9.08,9.79,9.87,9.9,9.7,96743,0.45
958,2024-06-11,600956,9.19,8.93,9.24,8.73,9.81,9.55,9.86,9.35,155664,0.72
959,2024-06-12,600956,8.92,9.01,9.04,8.81,9.54,9.63,9.66,9.43,69418,0.32
960,2024-06-13,600956,9.04,8.99,9.08,8.97,9.66,9.61,9.7,9.59,59449,0.27
961,2024-06-14,600956,9.1,8.97,9.12,8.97,9.72,9.59,9.74,9.59,67682,0.31
962,2024-06-17,600956,8.95,8.84,9.05,8.78,9.57,9.46,9.67,9.4,81072,0.37
963,2024-06-18,600956,8.84,8.84,8.9,8.68,9.46,9.46,9.52,9.3,58401,0.27
964,2024-06-19,600956,8.88,8.7,8.89,8.68,9.5,9.32,9.51,9.3,51046,0.24
965,2024-06-20,600956,8.65,8.62,8.75,8.62,9.27,9.24,9.37,9.24,44421,0.21
966,2024-06-21,600956,8.58,8.61,8.75,8.58,9.2,9.23,9.37,9.2,38759,0.18
967,2024-06-24,600956,8.54,8.4,8.59,8.31,9.16,9.02,9.21,8.93,61700,0.28
968,2024-06-25,600956,8.36,8.3,8.49,8.22,8.98,8.92,9.11,8.84,57344,0.26
969,2024-06-26,600956,8.32,8.22,8.35,8.12,8.94,8.84,8.97,8.74,54339,0.25
970,2024-06-27,600956,8.2,8.05,8.29,8.01,8.82,8.67,8.91,8.63,48796,0.23
971,2024-06-28,600956,8.04,8.17,8.29,8.04,8.66,8.79,8.91,8.66,68147,0.31
972,2024-07-01,600956,8.19,8.28,8.32,8.13,8.81,8.9,8.94,8.75,52565,0.24
973,2024-07-02,600956,8.26,8.29,8.32,8.13,8.88,8.91,8.94,8.75,52314,0.24
974,2024-07-03,600956,8.28,8.23,8.36,8.23,8.9,8.85,8.98,8.85,51909,0.24
975,2024-07-04,600956,8.27,8.1,8.3,8.07,8.89,8.72,8.92,8.69,46738,0.22
976,2024-07-05,600956,8.1,8.12,8.14,8.01,8.72,8.74,8.76,8.63,43819,0.2
977,2024-07-08,600956,8.12,8.02,8.13,7.97,8.74,8.64,8.75,8.59,45368,0.21
978,2024-07-09,600956,7.98,8.01,8.02,7.72,8.6,8.63,8.64,8.34,60827,0.28
979,2024-07-10,600956,8.04,7.77,8.04,7.75,8.66,8.39,8.66,8.37,43413,0.2
980,2024-07-11,600956,7.86,8.01,8.02,7.83,8.48,8.63,8.64,8.45,44556,0.21
981,2024-07-12,600956,8.04,7.86,8.05,7.85,8.66,8.48,8.67,8.47,40419,0.19
982,2024-07-15,600956,7.83,7.78,7.88,7.76,8.45,8.4,8.5,8.38,40534,0.19
983,2024-07-16,600956,7.72,7.75,7.79,7.68,8.34,8.37,8.41,8.3,32991,0.15
984,2024-07-17,600956,7.72,7.57,7.73,7.52,8.34,8.19,8.35,8.14,51753,0.24
985,2024-07-18,600956,7.51,7.67,7.67,7.51,8.13,8.29,8.29,8.13,37241,0.17
986,2024-07-19,600956,7.67,7.65,7.68,7.55,8.29,8.27,8.3,8.17,41316,0.19
987,2024-07-22,600956,7.61,7.63,7.67,7.54,8.23,8.25,8.29,8.16,45500,0.21
988,2024-07-23,600956,7.64,7.55,7.74,7.53,8.26,8.17,8.36,8.15,49312,0.23
989,2024-07-24,600956,7.55,7.53,7.63,7.44,8.17,8.15,8.25,8.06,53299,0.25
990,2024-07-25,600956,7.48,7.58,7.65,7.48,8.1,8.2,8.27,8.1,39613,0.18
991,2024-07-26,600956,7.57,7.73,7.73,7.56,8.19,8.35,8.35,8.18,45361,0.21
992,2024-07-29,600956,7.5,7.18,7.5,7.15,8.34,8.02,8.34,7.99,86585,0.4
993,2024-07-30,600956,7.18,7.18,7.25,7.09,8.02,8.02,8.09,7.93,44769,0.21
994,2024-07-31,600956,7.23,7.4,7.41,7.15,8.07,8.24,8.25,7.99,59194,0.27
995,2024-08-01,600956,7.38,7.27,7.47,7.26,8.22,8.11,8.31,8.1,70721,0.33
996,2024-08-02,600956,7.24,7.27,7.35,7.16,8.08,8.11,8.19,8.0,56459,0.26
997,2024-08-05,600956,7.2,7.14,7.33,7.14,8.04,7.98,8.17,7.98,60005,0.28
998,2024-08-06,600956,7.15,7.23,7.33,7.15,7.99,8.07,8.17,7.99,52178,0.24
999,2024-08-07,600956,7.25,7.18,7.26,7.1,8.09,8.02,8.1,7.94,58919,0.27
1000,2024-08-08,600956,7.17,7.19,7.24,7.14,8.01,8.03,8.08,7.98,33980,0.16
1001,2024-08-09,600956,7.23,7.1,7.26,7.1,8.07,7.94,8.1,7.94,40984,0.19
1002,2024-08-12,600956,7.19,7.17,7.22,7.11,8.03,8.01,8.06,7.95,55011,0.25
1003,2024-08-13,600956,7.19,7.22,7.22,7.07,8.03,8.06,8.06,7.91,45403,0.21
1004,2024-08-14,600956,7.21,7.13,7.23,7.12,8.05,7.97,8.07,7.96,32868,0.15
1005,2024-08-15,600956,7.1,7.24,7.26,7.08,7.94,8.08,8.1,7.92,50233,0.23
1006,2024-08-16,600956,7.22,7.16,7.27,7.12,8.06,8.0,8.11,7.96,49466,0.23
1007,2024-08-19,600956,7.15,7.17,7.24,7.14,7.99,8.01,8.08,7.98,42544,0.2
1008,2024-08-20,600956,7.16,7.05,7.22,7.02,8.0,7.89,8.06,7.86,43241,0.2
1009,2024-08-21,600956,7.06,7.0,7.06,6.98,7.9,7.84,7.9,7.82,35747,0.17
1010,2024-08-22,600956,7.01,6.97,7.05,6.95,7.85,7.81,7.89,7.79,28449,0.13
1011,2024-08-23,600956,7.15,6.99,7.15,6.91,7.99,7.83,7.99,7.75,50408,0.23
1012,2024-08-26,600956,7.02,7.0,7.03,6.95,7.86,7.84,7.87,7.79,37164,0.17
1013,2024-08-27,600956,6.99,6.95,7.04,6.92,7.83,7.79,7.88,7.76,29172,0.13
1014,2024-08-28,600956,6.84,6.88,6.99,6.84,7.68,7.72,7.83,7.68,46823,0.22
1015,2024-08-29,600956,6.84,6.87,6.9,6.68,7.68,7.71,7.74,7.52,62412,0.29
1016,2024-08-30,600956,6.9,6.97,7.11,6.86,7.74,7.81,7.95,7.7,69670,0.32
1017,2024-09-02,600956,6.97,7.06,7.15,6.93,7.81,7.9,7.99,7.77,82548,0.38
1018,2024-09-03,600956,7.03,6.86,7.04,6.84,7.87,7.7,7.88,7.68,76651,0.35
1019,2024-09-04,600956,6.84,6.75,6.86,6.73,7.68,7.59,7.7,7.57,56995,0.26
1020,2024-09-05,600956,6.79,6.79,6.83,6.74,7.63,7.63,7.67,7.58,48686,0.22
1021,2024-09-06,600956,6.75,6.75,6.9,6.75,7.59,7.59,7.74,7.59,49180,0.23
1022,2024-09-09,600956,6.76,6.54,6.76,6.51,7.6,7.38,7.6,7.35,83944,0.39
1023,2024-09-10,600956,6.61,6.73,6.75,6.52,7.45,7.57,7.59,7.36,86967,0.4
1024,2024-09-11,600956,6.73,6.6,6.74,6.57,7.57,7.44,7.58,7.41,51368,0.24
1025,2024-09-12,600956,6.65,6.7,6.76,6.6,7.49,7.54,7.6,7.44,57479,0.27
1026,2024-09-13,600956,6.66,6.6,6.71,6.59,7.5,7.44,7.55,7.43,35360,0.16
1027,2024-09-18,600956,6.61,6.62,6.69,6.57,7.45,7.46,7.53,7.41,44315,0.2
1028,2024-09-19,600956,6.66,6.78,6.8,6.62,7.5,7.62,7.64,7.46,43419,0.2
1029,2024-09-20,600956,6.75,6.68,6.78,6.65,7.59,7.52,7.62,7.49,38819,0.18
1030,2024-09-23,600956,6.71,6.7,6.74,6.63,7.55,7.54,7.58,7.47,30446,0.14
1031,2024-09-24,600956,6.73,7.01,7.01,6.73,7.57,7.85,7.85,7.57,74671,0.34
1032,2024-09-25,600956,7.07,7.05,7.2,7.01,7.91,7.89,8.04,7.85,81275,0.38
1033,2024-09-26,600956,7.05,7.2,7.21,6.95,7.89,8.04,8.05,7.79,77142,0.36
1034,2024-09-27,600956,7.26,7.43,7.48,7.26,8.1,8.27,8.32,8.1,58450,0.27
1035,2024-09-30,600956,7.78,8.15,8.15,7.65,8.62,8.99,8.99,8.49,185479,0.86
1036,2024-10-08,600956,8.97,8.49,8.97,8.18,9.81,9.33,9.81,9.02,215691,1.0
1037,2024-10-09,600956,8.43,7.68,8.43,7.68,9.27,8.52,9.27,8.52,181849,0.84
1038,2024-10-10,600956,7.7,7.85,8.02,7.7,8.54,8.69,8.86,8.54,100566,0.46
1039,2024-10-11,600956,7.87,7.67,7.87,7.61,8.71,8.51,8.71,8.45,77426,0.36
1040,2024-10-14,600956,7.72,7.76,7.8,7.62,8.56,8.6,8.64,8.46,71841,0.33
1041,2024-10-15,600956,7.78,7.5,7.78,7.5,8.62,8.34,8.62,8.34,72561,0.34
1042,2024-10-16,600956,7.48,7.6,7.67,7.48,8.32,8.44,8.51,8.32,47171,0.22
1043,2024-10-17,600956,7.63,7.42,7.65,7.42,8.47,8.26,8.49,8.26,57299,0.26
1044,2024-10-18,600956,7.42,7.56,7.68,7.34,8.26,8.4,8.52,8.18,73848,0.34
1045,2024-10-21,600956,7.55,7.45,7.66,7.42,8.39,8.29,8.5,8.26,104056,0.48
1046,2024-10-22,600956,7.45,7.62,7.62,7.43,8.29,8.46,8.46,8.27,67618,0.31
1047,2024-10-23,600956,7.63,7.83,7.98,7.59,8.47,8.67,8.82,8.43,133534,0.62
1048,2024-10-24,600956,7.81,7.7,7.81,7.64,8.65,8.54,8.65,8.48,62963,0.29
1049,2024-10-25,600956,7.7,7.85,7.89,7.69,8.54,8.69,8.73,8.53,71567,0.33
1050,2024-10-28,600956,7.84,7.92,7.93,7.78,8.68,8.76,8.77,8.62,76119,0.35
1051,2024-10-29,600956,7.9,7.71,7.95,7.68,8.74,8.55,8.79,8.52,82658,0.38
1052,2024-10-30,600956,7.71,7.66,7.78,7.61,8.55,8.5,8.62,8.45,61663,0.28
1053,2024-10-31,600956,7.66,7.72,7.8,7.65,8.5,8.56,8.64,8.49,78291,0.36
1054,2024-11-01,600956,7.65,7.63,7.73,7.52,8.49,8.47,8.57,8.36,92316,0.43
1055,2024-11-04,600956,7.63,7.71,7.72,7.6,8.47,8.55,8.56,8.44,66341,0.31
1056,2024-11-05,600956,7.72,7.77,7.79,7.65,8.56,8.61,8.63,8.49,116955,0.54
1057,2024-11-06,600956,7.78,7.72,7.84,7.7,8.62,8.56,8.68,8.54,126645,0.58
1058,2024-11-07,600956,7.7,7.93,7.94,7.68,8.54,8.77,8.78,8.52,139749,0.65
1059,2024-11-08,600956,7.98,7.81,8.01,7.78,8.82,8.65,8.85,8.62,137324,0.63
1060,2024-11-11,600956,7.8,7.91,7.92,7.76,8.64,8.75,8.76,8.6,123244,0.57
1061,2024-11-12,600956,7.89,8.01,8.07,7.88,8.73,8.85,8.91,8.72,194752,0.9
1062,2024-11-13,600956,7.94,8.24,8.37,7.87,8.78,9.08,9.21,8.71,206673,0.95
1063,2024-11-14,600956,8.13,8.01,8.23,7.9,8.97,8.85,9.07,8.74,165744,0.77
1064,2024-11-15,600956,7.95,7.82,8.02,7.81,8.79,8.66,8.86,8.65,114002,0.53
1065,2024-11-18,600956,7.86,7.77,7.95,7.73,8.7,8.61,8.79,8.57,123821,0.57
1066,2024-11-19,600956,7.81,8.0,8.0,7.77,8.65,8.84,8.84,8.61,132551,0.61
1067,2024-11-20,600956,8.01,8.01,8.15,7.98,8.85,8.85,8.99,8.82,135704,0.63
1068,2024-11-21,600956,8.01,8.03,8.08,7.94,8.85,8.87,8.92,8.78,76207,0.35
1069,2024-11-22,600956,7.99,7.75,8.11,7.75,8.83,8.59,8.95,8.59,113758,0.53
1070,2024-11-25,600956,7.75,7.77,7.82,7.66,8.59,8.61,8.66,8.5,65714,0.3
1071,2024-11-26,600956,7.77,7.62,7.77,7.58,8.61,8.46,8.61,8.42,73769,0.34
1072,2024-11-27,600956,7.6,7.75,7.75,7.52,8.44,8.59,8.59,8.36,62505,0.29
1073,2024-11-28,600956,7.75,7.71,7.79,7.69,8.59,8.55,8.63,8.53,46402,0.21
1074,2024-11-29,600956,7.71,7.76,7.79,7.64,8.55,8.6,8.63,8.48,54012,0.25
1075,2024-12-02,600956,7.73,7.79,7.84,7.69,8.57,8.63,8.68,8.53,61532,0.28
1076,2024-12-03,600956,7.8,7.84,7.87,7.71,8.64,8.68,8.71,8.55,63956,0.3
1077,2024-12-04,600956,7.84,7.72,7.84,7.69,8.68,8.56,8.68,8.53,53690,0.25
1078,2024-12-05,600956,7.71,7.67,7.72,7.64,8.55,8.51,8.56,8.48,50185,0.23
1079,2024-12-06,600956,7.66,7.77,7.78,7.65,8.5,8.61,8.62,8.49,51807,0.24
1080,2024-12-09,600956,7.75,7.8,7.86,7.75,8.59,8.64,8.7,8.59,60172,0.28
1081,2024-12-10,600956,7.96,7.72,7.96,7.7,8.8,8.56,8.8,8.54,91665,0.42
1082,2024-12-11,600956,7.7,7.76,7.79,7.68,8.54,8.6,8.63,8.52,54139,0.25
1083,2024-12-12,600956,7.75,7.81,7.83,7.69,8.59,8.65,8.67,8.53,61218,0.28
1084,2024-12-13,600956,7.79,7.67,7.8,7.66,8.63,8.51,8.64,8.5,70086,0.32
1085,2024-12-16,600956,7.64,7.69,7.74,7.64,8.48,8.53,8.58,8.48,55499,0.26
1086,2024-12-17,600956,7.7,7.76,7.85,7.65,8.54,8.6,8.69,8.49,98210,0.45
1087,2024-12-18,600956,7.76,7.81,7.9,7.74,8.6,8.65,8.74,8.58,80291,0.37
1088,2024-12-19,600956,7.74,7.65,7.76,7.59,8.58,8.49,8.6,8.43,78914,0.36
1089,2024-12-20,600956,7.66,7.59,7.69,7.58,8.5,8.43,8.53,8.42,47323,0.22
1090,2024-12-23,600956,7.58,7.49,7.63,7.48,8.42,8.33,8.47,8.32,60814,0.28
1091,2024-12-24,600956,7.49,7.61,7.62,7.49,8.33,8.45,8.46,8.33,49157,0.23
1092,2024-12-25,600956,7.6,7.53,7.62,7.49,8.44,8.37,8.46,8.33,31403,0.15
1093,2024-12-26,600956,7.53,7.47,7.55,7.46,8.37,8.31,8.39,8.3,35838,0.17
1094,2024-12-27,600956,7.55,7.59,7.63,7.46,8.39,8.43,8.47,8.3,54338,0.25
1095,2024-12-30,600956,7.58,7.56,7.59,7.53,8.42,8.4,8.43,8.37,35562,0.16
1096,2024-12-31,600956,7.62,7.54,7.7,7.54,8.46,8.38,8.54,8.38,68084,0.31
